"Key","Issue Type","Summary","Created","Status","Não Iniciado","Em Desenvolvimento","Revisão QA","Aprovado QA","Em produção","Done","Backlog","IMPEDIMENTO DEV","Não Aprovado","Revert","Produção","Reprovado QA"
"BUG-42","Bug Cliente","Beta - Valor das composições da sco estão diferentes quando baixa o relatório ","2024-12-30 16:04","Done","21h 10m","3h 40m","4h 38m","9m","16h 1m","4M 1w 4d 2h 24m","19h 51m","1d 1h 26m","-","-","-","-"
"BUG-43","Bug QA","Beta - Divergencia orçamento e relatorio sintetico com mão de obra e material","2024-12-31 10:29","Done","6h 40m","8h 27m","11m","5h 34m","12h 18m","4M 1w 5d 15h 4m","16h 25m","-","-","-","-","-"
"BUG-44","Bug QA","14370 - Bases - Valores invertido na base SINAPI PB 11/2024","2025-01-02 09:20","Done","0m","33m","12h 4m","6h 5m","1m","4M 1w 6d 7h 59m","20m","-","-","-","-","-"
"BUG-49","Bug Cliente","Relatório - Erro no relatório sintético com valor de mão de obra equipamento e material - Apollo","2025-01-06 09:17","Done","0m","1m","31m","8h 51m","3m","4M 1w 5d 22h 16m","2h 23m","-","-","-","-","-"
"BUG-50","Bug Cliente","Orçamento- divergência de valores unitários no relatório  #14493","2025-01-06 09:46","Done","54m","1m","7h 52m","1m","2d 10h 13m","4M 1w 2d 16h 1m","22h 34m","-","-","-","-","-"
"BUG-51","Bug Cliente","Erro 500 ao tentar acessar duas composições da Sicro 3 na cara do orçamento","2025-01-06 10:14","Done","11h 3m","2h 29m","2h 12m","2h 56m","1d 8h 59m","4M 1w 4d 2h 24m","2h 43m","-","-","-","-","-"
"BUG-52","Bug Cliente","14512 - Apollo - Composição de Transporte SETOP 10/2024 MG Central zerada","2025-01-06 11:02","Done","0m","0m","1h 8m","18m","7h 39m","4M 1w 5d 22h 29m","45m","-","-","-","-","-"
"BUG-53","Bug Cliente","14540 - Bases -  Erro ao procurar composição própria SJL-NPNC-215","2025-01-06 15:06","Done","1h 34m","1h 47m","11h 1m","19h 49m","16h 1m","4M 1w 4d 2h 24m","1h 43m","-","-","-","-","-"
"BUG-54","Bug Cliente","14543 - Bases -  Erro ao procurar composição própria ORC-GLP-067","2025-01-06 15:18","Done","1h 35m","1d 19h 27m","21h 15m","19h 8m","16h 13m","4M 1w 0d 18h 56m","1h 31m","-","-","3h 54m","-","4h 12m"
"BUG-57","Bug Cliente","14550 - Apollo - Erro ao gerar relatório de composição de BDI em relatórios V2","2025-01-06 15:54","Done","2d 2h 9m","2d 21h 37m","0m","6h 39m","0m","4M 0w 5d 12h 47m","55m","2d 9h 22m","-","-","-","-"
"BUG-59","Bug Cliente","14559 - Erro 500 ao tentar acessar composição da Sicro 3 na cara do orçamento","2025-01-06 16:29","Done","9h 11m","2h 56m","2h 7m","19h 57m","54m","4M 1w 4d 17h 29m","19m","-","-","-","-","-"
"BUG-60","Bug Cliente","CLONE - Erro 500 ao tentar acessar duas composições da Sicro 3 na cara do orçamento","2025-01-06 17:32","Done","3h 57m","0m","9h 7m","7h 53m","7h 54m","4M 1w 4d 10h 29m","12h 31m","-","-","-","-","-"
"BUG-61","Bug Cliente","14587 - Apollo - Composição SETOP ED-17989 10/2024 zerada","2025-01-07 10:18","Done","1h 39m","0m","1h 52m","1m","2m","4M 1w 5d 22h 28m","3m","-","-","-","-","-"
"BUG-62","Bug Cliente","Lista de composição na Busca","2025-01-07 10:52","Done","14h 10m","7h 49m","3h 47m","-","5d 8h 0m","4M 0w 6d 11h 23m","8m","-","-","-","-","1h 54m"
"BUG-63","Bug Cliente","Alteração de valor de insumos proprios","2025-01-07 11:00","Done","21h 59m","24m","6h 6m","-","5d 8h 0m","4M 0w 6d 11h 23m","0m","-","-","-","-","-"
"BUG-64","Bug QA","Erro na escrita da palavra "" Valor""","2025-01-07 14:36","Done","5h 41m","10m","11m","1h 36m","10h 54m","4M 1w 5d 0h 27m","0m","-","-","-","-","-"
"BUG-65","Bug QA","erro no caminho do gerador de proposta ","2025-01-07 14:40","Done","8h 15m","1h 34m","1h 5m","2m","10h 55m","4M 1w 5d 0h 26m","3m","-","-","0m","-","-"
"BUG-66","Bug QA","VALORES DE ONERADO E DESONERADO","2025-01-07 15:10","Done","11h 8m","7h 41m","0m","8h 58m","5d 23h 2m","4M 0w 5d 19h 23m","0m","-","-","-","-","-"
"BUG-69","Bug Cliente","14644 - Bases - Erro nos valores das composições AGETOP CIVIL 08/2024","2025-01-08 10:47","Done","6h 25m","0m","1h 15m","1m","9m","4M 1w 5d 9h 41m","1m","2m","-","-","-","-"
"BUG-70","Bug Cliente","14646 - Bases - Composições faltando na base ORSE 10/2024","2025-01-08 11:04","Done","7h 1m","1m","7h 53m","7h 57m","3h 51m","4M 1w 4d 14h 33m","3m","-","-","-","-","-"
"BUG-71","Bug Cliente","Erro na ferramenta da recuperar itens excluídos  - #14663","2025-01-08 14:10","Done","11h 23m","16h 1m","13h 32m","1h 0m","0m","4M 0w 5d 11h 23m","26m","2d 16h 0m","-","-","-","2d 17h 27m"
"BUG-72","Bug Cliente","Apollo- erro ao adicionar composição própria no orçamento #14674","2025-01-08 15:04","Done","0m","50m","10h 24m","7h 47m","2d 23h 8m","4M 1w 1d 19h 17m","52m","-","-","-","-","-"
"BUG-74","Bug Cliente","Bases- cliente reporta multiplicação incorreta do sistema ","2025-01-08 17:30","Done","6h 6m","1h 33m","5h 35m","26m","3d 0h 11m","4M 1w 1d 19h 12m","51m","-","-","-","-","-"
"BUG-76","Bug Cliente","Erro ao baixar o relatório sintético com valor de mão de obra equipamento e material- #14851 ","2025-01-13 10:49","Done","3h 5m","10h 1m","10h 25m","2h 7m","1d 9h 3m","4M 1w 1d 18h 20m","7h 46m","-","-","40m","-","-"
"BUG-77","Bug QA","CAIXA DE AVISO EM CIMA DA OPÇÃO DE ESCOLHA","2025-01-13 15:08","Done","2h 57m","2m","2h 43m","4h 12m","5d 8h 40m","4M 0w 5d 19h 23m","0m","-","-","-","-","-"
"BUG-78","Bug Cliente","14894 - Apollo - Erro ao criar orçamento no modelo novo","2025-01-14 08:33","Done","3m","38m","3h 3m","26m","0m","4M 1w 4d 7h 13m","0m","-","-","-","-","-"
"BUG-79","Bug Cliente","Orçamento- erro ao substituir ou adicionais composições próprias #6660 - Tayná","2025-01-14 09:58","Done","1h 17m","10h 24m","6h 27m","27m","1d 8h 0m","4M 1w 1d 19h 23m","11h 21m","-","-","-","-","28m"
"BUG-80","Bug Cliente","Orçamento - erro ao excluir tags  #6674 - Luciana","2025-01-14 10:56","Done","2d 4h 46m","1h 49m","-","-","2d 2h 2m","4M 0w 6d 14h 26m","10h 24m","-","-","-","-","-"
"BUG-81","Bug Cliente","Apollo - Erro 500 ao acessar lista de composições","2025-01-14 11:18","Done","2h 19m","3h 31m","3h 20m","7h 10m","1d 16h 0m","4M 1w 1d 19h 23m","2m","-","-","40m","-","-"
"BUG-82","Bug QA","Erro na integração com a mais controle 1","2025-01-14 11:32","Done","5h 27m","14h 23m","-","-","1d 17h 7m","4M 1w 1d 18h 16m","1m","-","-","-","-","-"
"BUG-86","Bug QA","Bases - Erro na importação de composição com código igual","2025-01-15 17:25","Done","1d 19h 16m","12h 50m","32m","3h 6m","16h 6m","4M 1w 0d 11h 18m","1m","-","-","-","-","-"
"BUG-87","Bug Cliente","Erro no relatório de curva ABC de insumos - #15057","2025-01-15 17:35","Done","8h 24m","1h 13m","4h 45m","-","1d 11h 5m","4M 1w 1d 18h 21m","0m","-","-","-","-","-"
"BUG-89","Bug Cliente","orçamento- erro ao gerar composição própria e erro 500 ao acessar a lista de composições  #15094","2025-01-16 10:38","Done","4h 35m","1h 52m","7h 41m","2h 41m","1d 13h 33m","4M 0w 6d 13h 50m","23h 58m","-","-","-","-","1h 48m"
"BUG-91","Bug Cliente","Erro 500 ao baixar o relatório sintético com valor de mão de obra e material - PRIME ","2025-01-16 11:40","Done","1d 13h 19m","2h 11m","18h 36m","3h 14m","3d 9h 15m","4M 0w 4d 18h 8m","0m","-","-","-","-","-"
"BUG-93","Bug Cliente","CLONE - orçamento- erro ao gerar composição própria e erro 500 ao acessar a lista de composições  #15138","2025-01-16 16:25","Done","12h 6m","0m","15h 53m","1h 36m","10h 8m","4M 1w 1d 19h 23m","1h 50m","-","-","-","-","-"
"BUG-95","Bug Cliente","15232  - Apollo - Lista de Composições não abre, fica apenas carregando","2025-01-20 10:17","Done","8h 3m","2h 5m","0m","0m","19h 1m","4M 1w 0d 18h 59m","4m","-","-","-","-","-"
"BUG-96","Bug QA","FALHA AO GERAR RELATORIO DE BDI, RELATORIO V2","2025-01-20 11:02","Done","4d 9h 23m","-","1h 37m","0m","0m","4M 0w 5d 13h 20m","0m","-","-","-","-","-"
"BUG-98","Bug Cliente","15256 - Apollo - Lista de Composições não abre, fica apenas carregando","2025-01-20 14:41","Done","8h 29m","0m","21h 23m","0m","19h 0m","4M 1w 0d 19h 0m","2h 49m","-","-","-","-","-"
"BUG-99","Bug Cliente","Apollo - Insumos da IOPES zerados na curva ABC de insumos","2025-01-21 10:38","Done","1h 5m","2m","1h 34m","2h 39m","16h 7m","4M 1w 0d 11h 16m","3h 26m","-","-","-","-","-"
"BUG-101","Bug QA","Mensagem na ferramenta de enviar cópia para um usuário","2025-01-21 16:51","Done","2h 35m","3h 29m","5h 16m","1h 59m","12h 26m","4M 0w 4d 22h 57m","2m","-","-","2d 5h 29m","-","2h 43m"
"BUG-102","Bug QA","Lista de email no enviar copia para outro usuario:","2025-01-21 16:53","Done","3h 29m","3h 39m","1h 32m","2h 42m","2d 8h 0m","4M 0w 5d 19h 23m","0m","-","-","-","-","-"
"BUG-104","Bug QA","erro de gramatica","2025-01-22 16:03","Done","5m","5m","1h 24m","2h 49m","2d 8h 0m","4M 0w 5d 19h 23m","0m","-","-","-","-","-"
"BUG-105","Bug QA","AJUSTE NA TELA DE PERMISSÃO","2025-01-22 16:25","Done","37m","0m","47m","2h 50m","2d 8h 0m","4M 0w 5d 19h 23m","1m","-","-","-","-","-"
"BUG-106","Bug Cliente","Apollo - Erro ao acessar lista de insumos do orçamento","2025-01-22 16:47","Done","3h 23m","1m","19h 12m","2h 37m","1d 12h 33m","4M 0w 6d 14h 50m","0m","-","-","-","-","-"
"BUG-108","Bug Cliente","15450 - Bases - Erro em COMPOSIÇÃO CPOS 01/2025","2025-01-23 08:33","Done","8h 4m","9h 11m","4h 0m","2h 36m","8h 25m","4M 1w 0d 18h 58m","0m","-","-","-","-","9m"
"BUG-227","Bug QA","Orçamento - Erro ao importar a mascara de Itens ao importar itens de um orçamento para o outro ","2025-01-23 09:36","Done","2d 14h 54m","2h 8m","1h 12m","6h 11m","16h 0m","3M 4w 1d 3h 23m","-","-","-","-","-","-"
"BUG-109","Bug QA","Erro no login no sistema","2025-01-23 16:22","Done","2m","18m","14h 49m","2h 27m","2d 8h 0m","4M 0w 5d 19h 23m","2m","-","-","-","-","-"
"BUG-110","Bug Cliente","Orçamentos- relatório de curva de insumos sem grupos #7291","2025-01-23 17:20","Done","7h 39m","2h 8m","38m","1h 44m","2d 8h 0m","4M 0w 5d 19h 23m","2h 10m","-","-","-","-","1h 16m"
"BUG-111","Bug Dev","Erro ao tentar excluir Tarefas do Diario","2025-01-23 17:37","Done","1m","1w 3d 6h 21m","-","-","52m","3M 4w 1d 2h 31m","6h 29m","-","-","-","-","-"
"BUG-112","Bug Dev","Erro na extração dos componentes do planejamento","2025-01-24 09:47","Done","1w 4d 22h 42m","5h 6m","-","-","59m","3M 3w 6d 2h 24m","5h 19m","-","-","-","-","-"
"BUG-113","Bug Dev","Erro no diário na funcionalidade de materiais de movimentações","2025-01-24 09:53","Done","1w 4d 9h 53m","12h 49m","-","-","1h 32m","3M 3w 6d 9h 51m","5h 14m","-","-","-","-","-"
"BUG-114","Bug Dev","Erro ao gerar relatório no Diário","2025-01-24 10:16","Done","1w 3d 7h 35m","4h 29m","-","-","43m","3M 4w 0d 18h 40m","4h 51m","-","-","-","-","-"
"BUG-115","Bug Dev","Erro ao gerar proposta","2025-01-24 10:22","Done","-","-","-","-","2d 8h 0m","4M 0w 5d 19h 23m","14h 38m","-","-","-","-","-"
"BUG-116","Bug Dev","Erro ao gerar o relatório no diário referente a etapa","2025-01-24 10:39","Done","1w 3d 12h 5m","8h 48m","-","-","1h 36m","3M 4w 0d 9h 47m","4h 28m","-","-","-","-","-"
"BUG-117","Bug Dev","Erro ao gerar relatório no Diário referente ao quantitativo do orçamento","2025-01-24 10:47","Done","1w 3d 20h 53m","10h 23m","-","-","0m","3M 4w 0d 3h 23m","4h 19m","-","-","-","-","-"
"BUG-119","Bug Dev","Erro no upload de foto no relatório fotográfico ","2025-01-24 10:52","Done","0m","0m","-","-","36m","3M 1w 0d 18h 47m","1M 0w 1d 17h 7m","-","-","-","-","-"
"BUG-120","Bug Dev","Erro ao gerar relatório no Diário referente ao quantitativo do orçamento referente de composições","2025-01-24 10:55","Done","0m","29m","-","-","48m","3M 3w 5d 2h 35m","1w 6d 6h 38m","-","-","-","-","-"
"BUG-121","Bug Dev","Erro ao deletar movimentação no diário de obra","2025-01-24 10:57","Done","1m","9h 20m","-","-","0m","3M 3w 4d 19h 23m","1w 6d 7h 16m","-","-","-","-","-"
"BUG-122","Bug Dev","Erro no planejamento referente a diagrama","2025-01-24 11:02","Done","1d 22h 2m","20h 0m","-","-","1d 17h 55m","3M 2w 5d 1h 28m","2w 1d 23h 56m","-","-","-","-","-"
"BUG-123","Bug Dev","Erro no planejamento ao redefinir atividade","2025-01-24 11:05","Done","6m","1d 5h 28m","-","-","1h 0m","3M 3w 1d 2h 24m","2w 1d 23h 53m","-","-","-","-","-"
"BUG-124","Bug Dev","Erro no diário na listagem de movimentação de material","2025-01-24 11:07","Done","2d 17h 51m","19h 9m","-","-","1h 18m","3M 0w 4d 10h 5m","1M 0w 1d 16h 52m","-","-","-","-","-"
"BUG-125","Bug Dev","Erro no planejamento ao atualizar atividade","2025-01-24 11:09","Done","6d 7h 15m","4h 21m","-","-","3d 0h 0m","3M 1w 6d 11h 23m","2w 1d 23h 49m","-","-","-","-","-"
"BUG-126","Bug Dev","Erro gerar pedido","2025-01-24 11:14","Done","2d 1h 39m","17m","-","-","3h 49m","3M 3w 2d 7h 34m","1w 6d 21h 46m","-","-","-","-","-"
"BUG-127","Bug Dev","Erro ao atualizar descrição da fotografia ","2025-01-24 11:15","Done","5d 6h 49m","6h 11m","3h 54m","2d 17h 22m","2m","2M 3w 1d 10h 42m","1M 0w 6d 0h 44m","-","-","-","-","-"
"BUG-128","Bug Dev","Erro na visualizações de relatórios do diário","2025-01-24 11:20","Done","0m","4m","3h 54m","2d 17h 24m","0m","2M 3w 1d 10h 41m","1M 1w 4d 16h 24m","-","-","-","-","-"
"BUG-129","Bug Cliente","Orçamento- erro ao sincronizar com a base própria #7313 ","2025-01-24 11:32","Done","7h 49m","1h 4m","1h 30m","2h 16m","1d 13h 16m","4M 0w 6d 14h 7m","2m","-","-","-","-","26m"
"BUG-130","Bug Dev","TypeError: no implicit conversion of nil into String","2025-01-24 12:04","Done","-","-","-","-","1d 22h 8m","4M 0w 5d 19h 23m","22h 52m","-","-","-","-","-"
"BUG-131","Bug Dev","Corrigir processo ao deletar uma tag","2025-01-24 12:11","Done","3h 14m","5m","1h 38m","1h 56m","0m","2M 1w 4d 19h 23m","1M 3w 3d 2h 29m","3d 9h 43m","-","-","-","-"
"BUG-132","Bug Cliente","Orçamento- erro 500 ao tentar editar quantidades de um orçamento vinculado ao revit #7375","2025-01-27 11:46","Done","49m","2h 34m","24m","6h 37m","21h 38m","4M 0w 6d 13h 45m","8h 49m","1h 0m","-","-","-","-"
"BUG-133","Bug Cliente","Relatório - Erro no layout do relatório V2 - #15618","2025-01-27 11:58","Done","3d 13h 24m","1d 1h 11m","0m","4m","4h 0m","2M 2w 3d 15h 23m","0m","1M 2w 2d 19h 29m","-","-","-","-"
"BUG-136","Bug Cliente","Bases- descrição errada#15363","2025-01-28 10:44","Done","0m","1h 15m","11h 13m","6m","7h 28m","4M 0w 6d 14h 33m","15h 4m","-","-","-","-","-"
"BUG-138","Bug Cliente","Orçamento - erro ao criar etapa","2025-01-28 15:06","Done","-","-","-","-","1d 7h 19m","4M 0w 5d 19h 23m","19h 34m","-","-","-","-","-"
"BUG-139","Bug Dev","NoMethodError: undefined method `favorites_items' for false:FalseClass","2025-01-28 15:57","Done","-","-","-","-","1d 23h 56m","4M 0w 5d 19h 23m","2h 6m","-","-","-","-","-"
"BUG-140","Bug QA","Apollo - Erro ao adicionar composição","2025-01-28 16:23","Done","1m","12m","-","-","9h 9m","4M 1w 0d 11h 20m","18m","-","-","-","-","-"
"BUG-141","Bug QA","Erro nas composições auxiliares da caern","2025-01-28 17:08","Done","0m","6h 3m","3h 35m","2h 29m","1h 37m","4M 0w 6d 9h 46m","18h 57m","-","-","-","-","-"
"BUG-142","Bug Cliente","Apollo - Lentidão ao adicionar composição e mudar quantitativo","2025-01-29 09:05","Done","1h 10m","-","-","-","4m","4M 1w 0d 18h 3m","0m","-","-","-","-","-"
"BUG-143","Bug Dev","NoMethodError: undefined method `itens' for false:FalseClass","2025-01-29 10:01","Done","0m","2h 25m","-","-","1d 8h 0m","4M 0w 5d 19h 23m","8h 14m","-","-","0m","-","4h 19m"
"BUG-144","Bug Cliente","15953  - Apollo - Erro ao recuperar itens excluídos","2025-01-29 16:27","Done","8h 0m","18h 9m","7h 0m","1h 0m","0m","4M 0w 5d 11h 23m","1h 32m","10h 56m","-","-","-","-"
"BUG-148","Bug Cliente","Apollo - Relatório V2 Sintético saindo com valor diferente do orçamento","2025-01-30 11:03","Done","4d 15h 37m","-","-","-","2h 52m","2M 2w 3d 21h 41m","5h 40m","1M 1w 6d 9h 35m","-","-","-","-"
"BUG-149","Bug Cliente","Bases - Composições faltando na IOPES 09/2024 e 10/2024","2025-01-30 17:43","Done","17m","0m","5h 18m","5m","7h 9m","4M 0w 6d 14h 52m","0m","-","-","-","-","-"
"BUG-150","Bug Dev","Erro ao listar sugestões da sofia referente a subetapa","2025-01-31 02:51","Done","0m","2m","-","-","1d 7h 0m","4M 0w 5d 19h 23m","21m","-","-","-","-","-"
"BUG-151","Bug QA","Orçamentos - Erro na funcionalidade de substituição na lista de composições","2025-01-31 09:58","Done","4m","3h 25m","1h 37m","1h 13m","4h 49m","4M 0w 6d 14h 34m","0m","-","-","-","-","-"
"BUG-152","Bug Cliente","Orçaprime- erro 500 ao tentar modificar a descrição de um insumo dentro de um orçamento.  #7860","2025-01-31 09:58","Done","1d 6h 54m","1h 22m","21m","1m","0m","4M 0w 5d 17h 39m","8m","-","-","-","-","-"
"BUG-153","Bug QA","Botão de Salvar na janela de grupo de insumos","2025-01-31 14:40","Done","0m","27m","44m","1h 14m","1d 0h 0m","4M 0w 5d 19h 23m","1m","-","-","-","-","-"
"BUG-154","Bug QA","PORCENTAGEM REAJUSTE SICRO","2025-01-31 14:44","Done","0m","26m","46m","1h 13m","5h 37m","4M 0w 6d 13h 46m","1m","-","-","-","-","-"
"BUG-155","Bug Cliente","Apollo - Erro ao carregar o orçamento","2025-01-31 17:05","Done","3h 40m","45m","44m","3h 44m","10h 27m","4M 0w 6d 0h 56m","0m","-","-","-","-","-"
"BUG-156","Bug QA","Beta - Erro ao salvar um grupo de insumos em lista de insumos o mesmo não redireciona para a pagina do orçamento","2025-02-03 08:59","Done","0m","3h 35m","3h 12m","2h 2m","6m","4M 0w 5d 22h 5m","5m","-","-","0m","-","20m"
"BUG-159","Bug Cliente","16189 - OrçaBIM - Erro ao vincular orçamento com projeto","2025-02-03 17:28","Done","18h 7m","5d 13h 53m","17m","1h 2m","19h 56m","3M 3w 6d 15h 37m","2d 8h 21m","-","-","-","-","-"
"BUG-163","Bug Cliente"," Apollo - Erro ao gerar relatório ""Composição Analítica com Preço Unitário"" na composição EQ 35.10.0100  SCO 07/2024 - Rio de Janeiro","2025-02-05 16:56","Done","11m","5h 59m","12m","44m","0m","4M 0w 5d 11h 23m","1h 4m","-","-","-","-","-"
"BUG-164","Bug Cliente","16307 - Apollo - Erro ao gerar relatório ""Composição Analítica com Preço Unitário"" na composição EQ 35.10.0100 SCO 12/2024 - Rio de Janeiro","2025-02-05 17:11","Done","1h 33m","2d 14h 30m","1h 11m","2h 23m","6h 8m","4M 0w 2d 13h 15m","48m","-","-","-","-","-"
"BUG-165","Bug QA","Beta - Erro ao atualizar database de orçamento o mesmo atualiza valores de insumos próprios, deixando os mesmo zerados ","2025-02-05 17:41","Done","1h 23m","11h 22m","32m","1h 28m","4h 26m","4M 0w 4d 22h 57m","18m","-","-","-","-","-"
"BUG-166","Bug Cliente","16321 - Apollo - Importador Analítico travando com planilha grande","2025-02-06 09:43","Done","4m","12h 18m","8h 15m","1d 1h 51m","33m","4M 0w 3d 2h 50m","17m","-","-","8h 59m","-","-"
"BUG-169","Bug Cliente","Cronograma - Erro de Layout","2025-02-07 10:31","Done","6h 41m","19h 10m","10m","2h 18m","12h 30m","4M 0w 3d 6h 53m","9h 19m","-","-","-","-","-"
"BUG-170","Bug QA","Beta - Erro 500 ao editar as descrições em lista de composições","2025-02-07 11:06","Done","8h 48m","7h 5m","1h 20m","2h 46m","1m","4M 0w 4d 11h 22m","0m","-","-","-","-","-"
"BUG-172","Bug Dev","Erro na função de substituir items","2025-02-10 08:37","Done","1m","24m","25m","7h 21m","4h 55m","4M 0w 4d 6h 28m","1m","-","-","0m","-","-"
"BUG-173","Bug Cliente","Bases - Composição zerada porem com valor da base oficial #8265","2025-02-10 09:39","Done","4h 45m","32m","18m","0m","0m","4M 0w 4d 18h 33m","1h 36m","-","-","-","-","-"
"BUG-174","Bug Cliente","Orçamentos- relatório de curva de insumos sem grupos #7291","2025-02-10 10:15","Done","4h 2m","3m","4m","1h 2m","3d 8h 0m","4M 0w 1d 11h 23m","0m","-","-","-","-","-"
"BUG-176","Bug Cliente","Erro na opção de substituição da tag de uma composição descontinuada em um orçamento #16537","2025-02-10 17:55","Done","1h 22m","22m","2h 37m","49m","4h 31m","4M 0w 3d 6h 52m","5m","-","-","-","-","21h 34m"
"BUG-177","Bug QA","Bases - Erro ao adicionar composições de bases oficiais em composições de base própria","2025-02-11 08:28","Done","0m","0m","0m","0m","0m","4M 0w 4d 19h 23m","0m","-","-","-","-","-"
"BUG-178","Bug Cliente","Orçamento- relatório sintético com mão de obra, material e equipamento esta com a somatória errada dos valores finais das colunas de mo, eqp e mat. #16628","2025-02-11 11:55","Done","8h 4m","5d 13h 24m","1h 17m","9h 13m","0m","3M 4w 1d 3h 23m","5h 7m","-","-","-","-","-"
"BUG-180","Bug QA","Orçamento - Erro 500 ao abrir orçamento o mesmo não exibe as informarções do orçamento","2025-02-12 09:01","Done","1d 21h 13m","2m","46m","1h 56m","5h 10m","4M 0w 2d 6h 13m","0m","-","-","-","-","-"
"BUG-181","Bug QA","Orçamento - Ao adicionar uma composição EMOP no orçamento a mesma não esta realizando o calculo em 4 casas decimais","2025-02-12 10:14","Done","9h 9m","1d 6h 34m","1h 17m","8h 6m","5h 2m","3M 0w 6d 6h 21m","11m","3w 5d 21h 27m","-","-","-","-"
"BUG-183","Bug QA","Orçamento - Erro 500 ao realizar comparação de preços no orçamento","2025-02-12 17:28","Done","1d 9h 35m","33m","6h 3m","6h 57m","34m","4M 0w 1d 18h 49m","5m","-","-","-","-","9h 12m"
"BUG-186","Bug QA","Bases - Ao realizar uma importação utilizando a opção de atualizar composições já existentes na base os preços não são atualizados ","2025-02-13 16:21","Done","14h 21m","13h 20m","37m","9h 47m","2h 3m","4M 0w 1d 18h 49m","6m","-","-","-","-","-"
"BUG-187","Bug Cliente","16890 - Apollo - Erro ao compatibilizar base própria no orçamento","2025-02-13 17:18","Done","57m","15m","8h 17m","3h 32m","0m","4M 0w 3d 3h 23m","41m","1h 33m","-","-","-","0m"
"BUG-190","Bug Cliente","PRIME - Erro 500 ao baixar o relatório sintético com valor de mão de obra e material ","2025-02-14 15:15","Done","17h 10m","27m","2h 10m","0m","6h 23m","4M 0w 2d 6h 13m","5h 45m","-","-","-","-","-"
"BUG-192","Bug Cliente","Orçamentos- relatório de curva de insumos sem grupos #7291","2025-02-17 15:10","Done","0m","7h 15m","53m","2h 41m","6h 8m","4M 0w 2d 13h 15m","1m","-","-","-","-","-"
"BUG-193","Bug Cliente","Orçamento - Erro na inserção de etapas no orçamento.","2025-02-17 17:03","Done","10h 46m","1d 6h 26m","4h 42m","2h 15m","22m","4M 0w 1d 3h 1m","1m","-","-","-","-","-"
"BUG-196","Bug QA","Orçamento - Erro na seleção de categorias no orçamento","2025-02-18 10:44","Done","14h 34m","21h 51m","1h 3m","48m","0m","4M 0w 1d 11h 23m","0m","-","-","-","-","-"
"BUG-197","Bug Cliente","17076 - Apollo - Erro ao editar descrição dos insumos na lista de insumo","2025-02-18 10:45","Done","7h 58m","9h 1m","1h 57m","3h 10m","4m","4M 0w 2d 3h 19m","8m","-","-","-","-","-"
"BUG-198","Bug QA","Orçamento - Erro ao importar itens de outro orçamento com a opção do orçamento de origem ","2025-02-18 11:37","Done","14h 19m","2h 59m","1h 25m","2h 39m","4h 27m","4M 0w 1d 22h 56m","0m","-","-","-","-","-"
"BUG-207","Bug Cliente","OF CDE - Erro nos relatórios PDF das Issues","2025-02-19 09:09","Done","1d 16h 35m","-","-","0m","0m","4M 0w 0d 18h 47m","7h 51m","-","-","-","-","-"
"BUG-209","Bug Cliente","#8965 - Orçamento - erro ao gerar relatório Sintético com Valor de Mão de Obra e Material do rv2 ","2025-02-19 10:26","Done","6d 16h 16m","-","0m","0m","10h 52m","2M 2w 5d 0h 31m","6h 34m","1M 1w 0d 2h 36m","-","-","-","-"
"BUG-210","Bug Cliente","Orçamento - Erro ao sincronizar com a base própria insumos na cara do orçamento","2025-02-20 11:45","Done","26m","1h 38m","1h 47m","3h 33m","34m","4M 0w 1d 18h 49m","5h 14m","-","-","-","-","-"
"BUG-212","Bug QA","Bases - Ao buscar insumos da base SCO é possivel identificar que estão zerados ","2025-02-21 09:16","Done","1m","8h 29m","17m","0m","6h 57m","4M 0w 1d 11h 23m","0m","-","-","-","-","-"
"BUG-213","Bug Cliente","#17315 - Orçamento - Relatório ""Composição Analítica com Preço Unitário"" não está sendo gerado","2025-02-21 11:25","Done","11m","2h 10m","24m","1h 33m","34m","4M 0w 1d 18h 49m","6m","-","-","-","-","-"
"BUG-214","Bug QA","Orçamento - Erro ao sincronizar com a base própria insumos criados na cara do orçamento","2025-02-21 14:11","Done","1h 4m","3h 46m","1h 28m","5h 27m","22m","4M 0w 1d 3h 1m","7h 27m","-","-","-","-","-"
"BUG-215","Bug Dev","NoMethodError: undefined method `>' for nil:NilClass","2025-02-21 16:14","Done","5m","1h 11m","54m","5h 48m","23m","4M 0w 1d 3h 0m","0m","-","-","0m","-","-"
"BUG-216","Bug Cliente","17363 - Orçamento - Erro na ferramenta ""Comparação de Preços""","2025-02-24 08:47","Done","7m","2m","59m","3h 29m","0m","4M 0w 1d 11h 23m","10m","-","-","-","-","-"
"BUG-217","Bug Cliente","#9210 - Orçamento - erro ao utilizar o importador analítico ","2025-02-24 10:46","Done","3h 54m","5h 9m","4h 38m","1h 5m","8h 0m","4M 0w 0d 11h 23m","1h 39m","-","-","2h 31m","-","-"
"BUG-218","Bug Cliente","#9230- cadastros - email duplicado ","2025-02-24 11:33","Done","0m","0m","0m","0m","4h 6m","4M 0w 1d 11h 23m","21m","-","-","-","-","-"
"BUG-220","Bug Cliente","17397 - Orçamento - Ao editar composição, a mascará está sendo substituída","2025-02-24 14:28","Done","11h 20m","1h 38m","1h 45m","1h 24m","8h 2m","4M 0w 0d 11h 22m","12m","-","-","-","-","-"
"BUG-221","Bug Cliente","#9240 - Bases de Preço- Erro 500 ao tentar importar uma planilha de composições próprias marcando a opção de ""Atualizar composições existentes""","2025-02-24 15:04","Done","10h 29m","6m","8m","0m","0m","4M 0w 1d 3h 1m","34m","-","-","-","-","-"
"BUG-222","Bug QA","Orçamento - Ao realizar uma importação de itens de outro orçamento com a opção da base é possivel ver diversos itens zerados no orçamento","2025-02-24 15:06","Done","10h 57m","2h 27m","2h 0m","1h 8m","1d 11h 0m","3M 4w 2d 8h 23m","0m","-","-","-","-","-"
"BUG-224","Bug Cliente","17425 - Orçamento - Erro na geração dos relatórios v2","2025-02-24 17:14","Done","5d 16h 57m","-","0m","16h 26m","0m","2M 2w 3d 2h 57m","5m","1M 1w 1d 21h 44m","-","-","-","-"
"BUG-225","Bug Cliente","#17406 - bases de preço - divergência de preço ","2025-02-24 17:35","Done","8h 33m","5d 0h 27m","8h 12m","6h 29m","0m","3M 3w 5d 11h 23m","44m","-","-","-","-","0m"
"BUG-226","Bug Cliente","17363 - Orçamento - Erro na ferramenta ""Comparação de Preços""","2025-02-25 08:43","Done","41m","3m","3h 19m","3h 37m","23m","4M 0w 1d 3h 0m","19m","-","-","-","-","-"
"BUG-228","Bug Cliente","17463 - Bases - Erro ao importar composições com a opção ""Atualizar Composições Existentes"" marcada","2025-02-25 09:47","Done","2h 44m","7m","8m","0m","0m","4M 0w 1d 3h 0m","4h 36m","-","-","-","-","-"
"BUG-229","Bug Dev","Lead não converteu - Não liberou licença ","2025-02-25 10:20","Done","0m","2m","2w 2d 11h 47m","-","0m","3M 2w 1d 19h 23m","2h 51m","-","-","-","-","-"
"BUG-230","Bug Cliente","#17515 - Orçamento - Erro 500 ao sincronizar seu orçamento com base própria ","2025-02-25 16:24","Done","7h 3m","2h 26m","44m","27m","0m","4M 0w 0d 11h 23m","2h 47m","-","-","-","-","-"
"BUG-232","Bug QA","ERRO EM SISTEMA EM CICLO","2025-02-26 14:42","Done","-","3h 54m","1d 16h 27m","0m","0m","3M 4w 2d 2h 19m","0m","-","-","-","-","-"
"BUG-237","Bug Cliente","17677 - Bases - Erro na categorização do insumo I8588 da SEINFRA 028","2025-02-27 11:41","Done","1d 14h 58m","5d 8h 50m","3h 51m","1d 18h 50m","1w 1d 15h 50m","3M 1w 6d 10h 53m","18m","-","-","-","-","13h 45m"
"BUG-240","Bug Cliente","17820 - Orçamento - Erro 500 ao atualizar valor de insumos descontinuados","2025-03-05 15:02","Done","36m","28m","29m","5h 44m","9h 46m","3M 4w 1d 9h 37m","2h 57m","-","-","-","-","-"
"BUG-241","Bug Dev","Problema ao desfazer substituição de itens em novos orçamentos (Apollo)","2025-03-06 08:59","Done","1m","33m","1m","0m","0m","3M 3w 5d 17h 31m","0m","3d 9h 17m","-","-","-","-"
"BUG-242","Bug Cliente","#17870 - Orçamento - Erro na ferramenta de comparação de preços.","2025-03-06 16:22","Done","1h 39m","9h 5m","1h 48m","2h 12m","0m","3M 4w 1d 3h 23m","1h 38m","-","-","-","-","-"
"BUG-243","Bug Cliente","17918  - Orçamento - Erro ao tentar importar itens de outro orçamento","2025-03-06 17:40","Done","14h 33m","13h 47m","1h 40m","14m","0m","3M 4w 0d 11h 23m","19m","-","-","-","-","-"
"BUG-244","Bug Cliente","17920 - Administrar Empresas - Ao importar usuário orçamento não foram importados","2025-03-06 17:44","Done","21h 7m","1h 2m","0m","0m","33m","3M 4w 0d 20h 15m","16m","-","-","-","-","-"
"BUG-246","Bug Cliente","17943 - Bases - Visualização de preços da composição 02.05.018 incorreta na base FDE 10/2024","2025-03-07 11:26","Done","15h 17m","4d 14h 35m","18h 8m","6h 46m","6d 16h 30m","3M 1w 6d 10h 53m","3m","-","-","3d 6h 26m","-","0m"
"BUG-247","Bug Cliente","Whatsapp - #17965 - Orçabim - Não está sendo possível abrir o editor de critérios e nem destacar os elementos. ","2025-03-07 14:24","Done","5h 57m","1m","0m","0m","4h 5m","3M 3w 6d 11h 23m","9m","-","-","-","-","-"
"BUG-249","Bug Cliente","#9865 - Orçamento Prime - Erro ao mover orçamento para pasta. ","2025-03-10 11:16","Done","1h 53m","5h 59m","0m","0m","1m","3M 4w 0d 22h 13m","1h 8m","-","-","-","-","-"
"BUG-251","Bug Cliente","#9934 - Orçamento- Comparação de preços zerada","2025-03-11 10:53","Done","4h 2m","3h 37m","24m","2h 9m","0m","3M 4w 0d 11h 23m","3h 54m","-","-","-","-","1m"
"BUG-252","Bug Cliente","#18135 - OF CDE - Erro ao gerar relatório de clash por agrupamento","2025-03-11 16:34","Done","1d 4h 32m","1m","0m","0m","45m","3M 3w 6d 15h 27m","2m","-","-","-","-","-"
"BUG-253","Bug Cliente","#18145 - Prime - Orçamento - Erro ao realizar exclusão de cópia de orçamento ","2025-03-11 16:47","Done","2h 49m","2d 1h 47m","-","-","2h 52m","2M 2w 3d 21h 41m","12m","1M 0w 6d 2h 18m","-","-","-","-"
"BUG-254","Bug Cliente","18168 - Bases - Erro 500 ao procurar composições pela descrição ","2025-03-12 09:02","Done","1h 11m","3h 7m","12m","1h 7m","0m","3M 4w 0d 11h 23m","33m","-","-","-","-","-"
"BUG-255","Bug Cliente","#10038 - Bases de Preço -  erro ao encontrar insumos da base SBC","2025-03-12 10:13","Done","32m","4h 32m","25m","45m","0m","3M 4w 0d 11h 23m","2m","-","-","-","-","-"
"BUG-256","Bug Cliente","18205  - Bases - Erro na descrição da composição 2140020 CAERN 05/2024","2025-03-12 11:05","Done","4h 54m","8h 58m","53m","0m","0m","3M 4w 0d 2h 11m","20m","-","-","-","-","-"
"BUG-257","Bug Cliente","#18191 - Orçamento - Erro no preço acumulado do relatório curva abc de material ","2025-03-12 11:14","Done","1d 18h 56m","14h 1m","4h 26m","0m","3d 0h 38m","2M 3w 3d 10h 45m","3h 36m","4w 0d 4h 10m","-","-","-","6h 10m"
"BUG-258","Bug QA","Orçamento - Erro ao sincronizar unidade de medida em composições próprias","2025-03-12 16:20","Done","2h 23m","3h 44m","1h 26m","31m","0m","3M 4w 0d 3h 23m","27m","-","-","-","-","-"
"BUG-259","Bug QA","Orçamento - Erro ao adicionar BDI diferenciado em composições ","2025-03-12 16:27","Done","6h 24m","55m","40m","29m","0m","3M 4w 0d 3h 23m","20m","-","-","-","-","-"
"BUG-260","Bug QA","Orçamento - Erro ao importar itens com o preço da planilha ","2025-03-12 16:40","Done","32m","1h 6m","2h 59m","3h 9m","0m","3M 4w 0d 3h 23m","7m","-","-","-","-","-"
"BUG-261","Bug QA","Bases - Adicionar criação de insumo dentro da composição própria","2025-03-12 16:46","Done","11h 35m","4h 19m","1h 41m","1h 47m","13h 56m","3M 3w 2d 21h 27m","1m","3d 2h 48m","-","-","-","-"
"BUG-262","Bug Cliente","Planejamento - Erro ao carregar planejamento","2025-03-12 17:33","Done","5h 32m","34m","54m","0m","1h 0m","3M 4w 0d 3h 23m","27m","-","-","-","-","-"
"BUG-263","Bug Cliente","#10139 - Diario de obras - não esta passando as paginas na busca","2025-03-13 08:43","Done","48m","3h 44m","-","0m","2h 31m","3M 4w 0d 3h 23m","58m","-","-","-","-","-"
"BUG-264","Bug QA","Orçamento - Erro ao substituir uma composição por ela mesma","2025-03-13 10:17","Done","4h 53m","5h 20m","1h 44m","1h 37m","1h 54m","3M 3w 5d 17h 29m","33m","22h 29m","-","-","-","-"
"BUG-265","Bug Cliente","#18317 - Administrar Empresas - Erro ao logar no sistema ","2025-03-13 10:55","Done","9m","4h 20m","33m","1h 2m","5h 27m","3M 3w 6d 21h 56m","0m","-","-","-","-","-"
"BUG-266","Bug Dev","Problemas ao editar categorias de orçamentos","2025-03-13 11:58","Done","-","-","4h 47m","13m","1d 1h 53m","3M 3w 6d 1h 30m","0m","-","-","-","-","-"
"BUG-269","Bug Cliente","#18416 - Orçamento - Erro ao gerar relatório sintético com formula ","2025-03-13 17:06","Done","2h 44m","5h 3m","56m","8h 10m","0m","3M 3w 6d 11h 23m","0m","-","-","-","-","-"
"BUG-270","Bug Cliente","#18423 - Orçamento - Erro no calculo do fit","2025-03-13 17:08","Done","49m","14h 0m","40m","1h 19m","0m","3M 3w 6d 11h 23m","2m","-","-","-","-","-"
"BUG-271","Bug Cliente","#18420 - Orçamento - Backup - Cliente não consegue recuperar itens excluídos. ","2025-03-13 17:10","Done","8h 44m","1d 4h 50m","1h 18m","1h 52m","0m","3M 3w 5d 11h 23m","6m","-","-","-","-","-"
"BUG-272","Bug Cliente","18441 - Orçamento - Erro 500 ao criar orçamento com categoria ""Outros""","2025-03-14 08:26","Done","0m","0m","0m","1m","2m","3M 4w 0d 3h 21m","0m","-","-","-","-","-"
"BUG-274","Bug Cliente"," #18317 - Administrar Empresas - Erro ao logar no sistema ","2025-03-14 09:08","Done","3m","44m","0m","0m","0m","3M 3w 6d 21h 56m","1m","-","-","-","-","-"
"BUG-276","Bug Cliente","#10378 - Compras - Erro ao salvar novo pedido. ","2025-03-14 14:56","Done","2h 30m","7m","11h 15m","58m","0m","3M 3w 6d 2h 25m","2h 28m","-","-","-","-","-"
"BUG-277","Bug Cliente"," #18532 - Orçamento - Erro ao gerar relatório V2","2025-03-14 17:19","Done","2d 1h 6m","-","0m","0m","1m","2M 2w 2d 15h 8m","4m","1M 1w 1d 3h 4m","-","-","-","0m"
"BUG-278","Bug QA","Administrar Empresa - Ao realizar um cadastro de usuario é dado erro 500","2025-03-14 17:23","Done","0m","6m","0m","3h 1m","0m","3M 3w 6d 11h 23m","28m","-","-","-","-","-"
"BUG-279","Bug Cliente","#10451 - Orçamento - Erro ao gerar relatório V2 em pdf de Sintético com mão de obra, equipamento e material ","2025-03-17 11:32","Done","1d 20h 56m","-","-","-","2h 53m","2M 2w 3d 21h 40m","1m","1M 0w 6d 10h 36m","-","-","-","-"
"BUG-280","Bug QA","Orçamento - Erro ao categorizar um orçamento","2025-03-17 14:07","Done","3d 14h 0m","3d 6h 23m","4h 8m","7m","2d 8h 30m","3M 1w 6d 10h 53m","0m","-","-","-","-","-"
"BUG-281","Bug QA","Orçamento - Ao realizar uma importação de um arquivo com quase 700 linhas o mesmo demora muito ao realizar o termino da importação","2025-03-17 15:39","Done","19m","0m","1h 5m","30m","0m","3M 3w 6d 11h 23m","1m","-","-","-","-","-"
"BUG-282","Bug Cliente","#18588 - Planejamento - Mês de março está com apenas 29 dias ","2025-03-17 16:49","Done","3h 7m","5h 36m","18m","6m","59m","3M 3w 6d 2h 24m","3m","-","-","-","-","-"
"BUG-283","Bug Dev","Backoffice- Erro na geração de boleto do gerencianet ","2025-03-17 16:53","Done","0m","1d 5h 13m","-","-","3d 0h 46m","3M 3w 1d 18h 37m","11h 54m","-","-","-","-","-"
"BUG-284","Bug Cliente","#18613 - Orçamento - Valor do cronograma e orçamento divergente ","2025-03-17 16:55","Done","1h 4m","8h 10m","1h 35m","1h 47m","1h 54m","3M 3w 5d 17h 29m","2h 9m","-","-","-","-","-"
"BUG-287","Bug Backoffice","Bug na tela de metas","2025-03-18 11:02","Done","12h 29m","-","-","-","1h 54m","3M 3w 5d 17h 29m","0m","-","-","-","-","-"
"BUG-288","Bug Dev","TypeError: can't convert nil into BigDecimal","2025-03-18 11:07","Done","1m","6m","1h 46m","1h 34m","1h 54m","3M 3w 5d 17h 29m","6h 46m","-","-","-","-","-"
"BUG-289","Bug Dev","NoMethodError: undefined method `each' for nil:NilClass","2025-03-18 11:08","Done","0m","4h 15m","0m","1h 35m","1h 53m","3M 3w 6d 1h 30m","1m","-","-","-","-","-"
"BUG-290","Bug Cliente","#18701 - Orçamento - Erro 500 ao mudar encargo e relatórios com encargos diferentes porem com valores iguais ","2025-03-18 11:10","Done","3h 44m","7h 39m","7h 0m","0m","1h 0m","3M 3w 5d 11h 23m","2h 26m","-","-","-","-","-"
"BUG-291","Bug Cliente","#10585- Orçamento - Erro ao adicionar itens em composições","2025-03-18 11:20","Done","3h 35m","2m","1h 34m","1h 47m","1h 54m","3M 3w 5d 17h 29m","2h 25m","-","-","-","-","-"
"BUG-292","Bug Cliente","#18724 - Planejamento - planejamento só fica atualizando","2025-03-18 14:30","Done","4h 23m","6h 24m","4m","32m","1h 17m","3M 3w 5d 18h 6m","7m","-","-","-","-","-"
"BUG-293","Bug Cliente","#18741 - Orçamento - Erro ao substituir e ao fazer a compatibilização de bases ","2025-03-18 16:23","Done","3h 0m","0m","4m","0m","0m","3M 3w 6d 1h 30m","25m","-","-","-","-","-"
"BUG-294","Bug QA","Orçamento - Erro no modal de substituição de itens no orçamento ao clicar na tag de composição fora de data","2025-03-18 17:24","Done","11h 18m","0m","2h 0m","0m","0m","3M 3w 5d 11h 23m","5m","-","-","-","-","1h 52m"
"BUG-295","Bug QA","Orçamento - Erro na lista de composições ao filtrar a base CPOS e ao editar uma descrição e clicar no ESC","2025-03-18 17:28","Done","7h 23m","2h 35m","3h 24m","1h 57m","0m","3M 3w 5d 11h 23m","1m","-","-","-","-","-"
"BUG-296","Bug QA","Orçamento - Erro no DMT no botão de salvar que contem uma lixeira e no filtro de DMT","2025-03-19 08:51","Done","0m","9m","1h 27m","1h 54m","1h 54m","3M 3w 5d 17h 29m","0m","-","-","-","-","-"
"BUG-297","Bug Dev","NoMethodError: undefined method `each' for nil:NilClass","2025-03-20 08:19","Done","0m","0m","4h 43m","1h 10m","8h 33m","3M 3w 5d 2h 50m","0m","-","-","-","-","-"
"BUG-298","Bug Cliente","#10807 - Orçamento - Erro ao gerar relatório de Curva abc de serviços ","2025-03-20 08:28","Done","2m","3m","2h 35m","3h 17m","0m","3M 3w 5d 11h 23m","14m","-","-","-","-","-"
"BUG-305","Bug QA","Bases - Erro ao adicionar composições SICRO2 na base própria","2025-03-20 14:39","Done","18h 0m","51m","3m","11m","0m","3M 3w 4d 19h 23m","0m","-","-","-","-","-"
"BUG-307","Bug QA"," Orçamento - Erro no modal de substituição de itens no orçamento ao clicar na tag de composição fora de data","2025-03-21 08:39","Done","1h 20m","4h 39m","2h 59m","3h 18m","0m","3M 3w 4d 19h 23m","0m","-","-","29m","-","-"
"BUG-308","Bug Cliente","#19055 - Planejamento - planejamento não copia a estrutura ","2025-03-21 10:19","Done","33m","2h 37m","10h 1m","0m","22m","3M 3w 4d 19h 23m","1h 7m","-","-","-","-","-"
"BUG-309","Bug Cliente","#10953 - Orçamento - erro ao substituir insumos da Orse ","2025-03-21 11:05","Done","7h 1m","3h 34m","32m","22m","0m","3M 3w 4d 19h 23m","22m","-","-","-","-","-"
"BUG-310","Bug Cliente","#10982 - Bases de preço - insumo faltando na composição. ","2025-03-21 14:50","Done","35m","21h 0m","3h 17m","3h 44m","1m","3M 3w 4d 1h 54m","2m","-","-","-","-","-"
"BUG-311","Bug Cliente","#10995- Base de preços - Erro 500 ao copiar composição","2025-03-21 15:42","Done","8h 13m","12h 32m","3h 17m","3h 44m","1m","3M 3w 4d 1h 54m","0m","-","-","-","-","-"
"BUG-312","Bug Cliente","#19116 - Orçamento  - Erro ao zerar o BDI de uma determinada composição.","2025-03-24 09:07","Done","18m","1h 1m","15m","4h 46m","0m","3M 3w 4d 19h 23m","5m","-","-","-","-","-"
"BUG-313","Bug QA","Orçamento - Erro na comparação de preços de orçamentos ","2025-03-24 09:12","Done","20m","4h 42m","55m","51m","6h 12m","3M 3w 4d 13h 11m","0m","-","-","-","-","-"
"BUG-314","Bug Cliente","#18815 - Planejamento - Erro 500 ao criar novo planejamento ","2025-03-24 09:23","Done","42m","20h 36m","49m","-","14h 19m","3M 3w 3d 13h 4m","29m","-","-","-","-","-"
"BUG-316","Bug Cliente","#19154 - Bases de preços - erro 500 ao fazer importação composições próprias. ","2025-03-24 14:22","Done","1h 46m","39m","39m","2h 45m","1h 44m","3M 3w 4d 9h 39m","4h 7m","-","-","-","-","-"
"BUG-317","Bug Cliente","#19155 - Orçamento-  Erro ao gerar relatório de composições analíticas com preço unitário. ","2025-03-24 14:29","Done","5m","1h 48m","42m","2h 42m","1h 44m","3M 3w 4d 9h 39m","3h 31m","-","-","-","-","-"
"BUG-318","Bug QA","Orçamento - Erro na comparação de insumos - Preços com quantidades","2025-03-25 15:07","Done","1m","8h 32m","2h 32m","1w 2d 4h 15m","2d 8h 31m","3M 1w 6d 10h 52m","0m","-","-","-","-","1h 23m"
"BUG-319","Bug Cliente","#19283 - CDE - O relatório BCF não está chegando no e-mail.","2025-03-25 15:55","Done","15h 0m","0m","0m","0m","0m","3M 3w 3d 19h 23m","3h 5m","-","-","-","-","-"
"BUG-321","Bug QA","Orçamento - Erro ao importar a planilha analitica modelo para um orçamento","2025-03-26 11:58","Done","1h 28m","2h 45m","4m","24m","0m","3M 3w 4d 3h 23m","0m","-","-","-","-","20m"
"BUG-322","Bug Cliente","#18815 - Planejamento - Erro ao carregar um planejamento ","2025-03-27 10:29","Done","0m","12h 56m","-","-","51m","3M 3w 3d 2h 32m","2m","-","-","-","-","-"
"BUG-323","Bug Cliente","#11398 - Orçamento - erro ao adicionar insumos da SINAPI no orçamento ","2025-03-28 10:13","Done","1h 30m","3h 42m","35m","3h 9m","5h 44m","3M 3w 2d 21h 28m","6h 1m","-","-","-","-","-"
"BUG-325","Bug QA","Orçamento -  Erro na ferramenta de comparação de preços ","2025-03-28 17:19","Done","1h 10m","2h 43m","5h 34m","2h 26m","1w 3d 8h 29m","3M 1w 6d 10h 54m","26m","-","-","-","-","-"
"BUG-326","Bug Cliente","19702 - Orçamento - Erro ao usar ferramenta ""Importador Analítico com Preço Unitário""","2025-04-01 10:31","Done","3h 3m","8h 50m","42m","37m","1w 3d 0h 29m","3M 1w 6d 10h 54m","45m","-","-","-","-","-"
"BUG-327","Bug Cliente","19733 - Orçamentos - Orçamento Apollo não carrega","2025-04-01 15:21","Done","31m","8h 8m","1h 12m","1d 9h 17m","1w 1d 15h 49m","3M 1w 6d 10h 53m","10m","-","-","-","-","-"
"BUG-328","Bug Cliente","#11642- Orçamento- Nenhum tipo de de arredondamento esta sendo condizendo com o valor da base da EMOP","2025-04-01 15:21","Done","15h 49m","1m","3d 4h 0m","1d 5h 38m","3d 0h 55m","3M 1w 6d 10h 53m","10m","-","-","-","-","2d 8h 35m"
"BUG-329","Bug Cliente","Orçamento - Divergência de valores no realtório sintético com fórmulas","2025-04-02 08:40","Done","2h 29m","15h 35m","45m","0m","8h 48m","3w 0d 18h 35m","1d 0h 24m","1M 0w 4d 9h 39m","-","-","-","-"
"BUG-330","Bug Cliente","19784 - Orçamento - versão antiga - Problemas ao atualizar data base","2025-04-02 10:51","Done","0m","1h 7m","1h 32m","2h 28m","1w 2d 0h 31m","3M 1w 6d 10h 52m","22h 33m","-","-","-","-","-"
"BUG-331","Bug Cliente","19786 - Bases - valores EMBASA 01/2025 invertidos no cadastro","2025-04-02 11:10","Done","5m","7h 30m","1d 5h 8m","4h 31m","1w 0d 14h 54m","3M 1w 6d 10h 50m","22h 15m","-","-","-","-","-"
"BUG-332","Bug Cliente","19812 - Orçamento - Erro ao mudar preço unitário de insumos dentro da composição","2025-04-02 14:40","Done","1h 9m","39m","1h 32m","2h 28m","1w 2d 0h 35m","3M 1w 6d 10h 48m","19h 45m","-","-","-","-","-"
"BUG-333","Bug Cliente","#11739 - Planejamento - Quantitativos sendo multiplicados errado. ","2025-04-02 15:41","Done","11h 24m","4h 9m","-","-","15h 45m","3M 3w 0d 3h 38m","18h 45m","-","-","-","-","-"
"BUG-335","Bug QA","Problema visual durante a importação utilizando a ferramenta ""Importador Analítico com Preço Unitário""","2025-04-02 17:27","Done","20h 38m","2d 17h 13m","1d 3h 29m","1d 3h 16m","2d 8h 33m","3M 1w 6d 10h 50m","0m","-","-","1d 3h 12m","-","-"
"BUG-336","Bug Cliente","#11773 - Bases - Erro 500 ao acessar composição própria","2025-04-03 09:55","Done","6m","2h 5m","2h 30m","2h 28m","1d 16h 0m","3M 2w 6d 19h 23m","15h 32m","-","-","-","-","-"
"BUG-337","Bug Cliente","#11782 - Bases de preço - Descrição esta errada - EMBASA ","2025-04-03 10:59","Done","2m","59m","4h 2m","2h 28m","1w 2d 0h 34m","3M 1w 6d 10h 49m","14h 29m","-","-","-","-","-"
"BUG-338","Bug Cliente","19877  - Orçamento - Erro de formatação ao gerar o relatório de resumo","2025-04-03 14:16","Done","8h 28m","14h 57m","19h 47m","1h 4m","1w 0d 8h 35m","3M 1w 6d 10h 48m","12h 12m","-","-","1h 8m","-","2h 9m"
"BUG-341","Bug Cliente","#11851 - Orçamento - Sintético v2 esta somando errado os valores. ","2025-04-04 10:15","Done","5d 4h 35m","-","0m","27m","12h 0m","2M 2w 5d 15h 23m","7h 22m","3w 6d 10h 7m","-","-","-","-"
"BUG-342","Bug Cliente","20010 - Bases - Erro 500 ao acessar composição","2025-04-07 10:23","Done","0m","18m","2h 30m","2h 28m","1w 2d 0h 37m","3M 1w 6d 10h 46m","13m","-","-","-","-","-"
"BUG-343","Bug QA","EXCLUIR LISTA SERVIÇOS NA LISTA DE COMPOSIÇÃO","2025-04-07 13:48","Done","0m","30m","1h 2m","10h 27m","0m","3M 3w 1d 2h 48m","0m","-","-","-","-","36m"
"BUG-344","Bug Cliente","#11966 - Orçamento - erro 500 ao acessar lista de insumos ","2025-04-07 14:52","Done","0m","15h 9m","0m","0m","0m","3M 3w 0d 22h 41m","40m","-","-","-","-","-"
"BUG-346","Bug QA","MUDANÇA NO CHECKBOX LISTA DE COMPOSIÇÃO","2025-04-07 15:39","Done","0m","2m","55m","50m","8h 35m","3M 3w 1d 2h 48m","1m","-","-","-","-","-"
"BUG-347","Bug Cliente","20129 - Planejamento - Erro ao abrir o planejamento","2025-04-08 11:31","Done","0m","1h 0m","20h 8m","2h 37m","0m","3M 3w 0d 3h 38m","5h 29m","-","-","-","-","-"
"BUG-349","Bug Cliente","Revisão na base SINAPI","2025-04-09 14:28","Done","0m","1m","13h 6m","5d 10h 52m","2d 8h 37m","3M 1w 6d 10h 46m","3h 32m","-","-","-","-","-"
"BUG-350","Bug Cliente","Orçamento - Função de filtro na lista de composição","2025-04-09 14:58","Done","0m","12h 4m","10h 15m","1h 3m","1w 0d 8h 36m","3M 1w 6d 10h 47m","1h 1m","-","-","4m","-","2h 8m"
"BUG-351","Bug Cliente","#12156 - Bases - composições da orse zeradas ","2025-04-09 15:21","Done","0m","2h 32m","13h 6m","5d 10h 54m","2d 8h 36m","3M 1w 6d 10h 47m","6m","-","-","-","-","-"
"BUG-352","Bug Cliente","Bases de preço - Erro ao tentar localizar uma composição no mês 01/2025","2025-04-09 16:00","Done","0m","15h 58m","6h 53m","1d 19h 39m","0m","3M 2w 5d 0h 46m","2h 5m","-","-","-","-","-"
"BUG-353","Bug Cliente","Base Própria - Cadastro de composições próprias com o mesmo código","2025-04-10 09:14","Done","1h 18m","17m","8h 1m","5d 1h 4m","2d 8h 37m","3M 1w 6d 10h 46m","5h 24m","-","-","-","-","2h 16m"
"BUG-354","Bug Cliente","#12256 - Orçamento - Apollo - Relatório ""Orçamento Analítico"" e ""Composições Analíticas Com Preços Unitários"" não está gerando","2025-04-11 08:32","Done","0m","22m","3m","0m","0m","3M 3w 0d 10h 58m","0m","-","-","-","-","-"
"BUG-356","Bug Cliente","20366 - Orçamento - Apollo - Valor total do orçamento alterando ao adicionar encargos","2025-04-11 16:01","Done","2h 59m","1m","2h 18m","5d 1h 3m","2d 8h 36m","3M 1w 6d 10h 47m","3h 36m","-","-","-","-","-"
"BUG-357","Bug Cliente","20364 - Orçamento - Apollo - Erro ao mudar fórmula da memória de cálculo no orçamento","2025-04-11 16:08","Done","6h 22m","18h 31m","5h 27m","16h 0m","5d 16h 34m","3M 1w 6d 10h 49m","3h 30m","-","-","-","-","-"
"BUG-358","Bug Cliente","Orçamento - Erro em itens SETOP de transporte ","2025-04-11 16:51","Done","16m","48m","1d 14h 26m","1d 21h 50m","2d 8h 34m","3M 1w 6d 10h 49m","2h 47m","-","-","-","-","1d 17h 2m"
"BUG-359","Bug Cliente","Orçamento - Erro ao gerar realtório v2","2025-04-11 17:57","Done","1d 12h 4m","-","-","-","2h 53m","2M 2w 3d 21h 39m","2d 1h 12m","4w 0d 5h 51m","-","0m","-","-"
"BUG-360","Bug Cliente","Orçamento - Erro ao aplicar desconto com valor absoluto","2025-04-14 15:18","Done","0m","2h 24m","8h 58m","4d 14h 26m","2d 8h 35m","3M 1w 6d 10h 48m","55m","-","-","-","-","-"
"BUG-362","Bug Cliente","Orçamento - Compatibilização de bases com erro","2025-04-14 15:54","Done","8h 0m","8h 0m","37m","4d 7h 23m","2d 8h 34m","3M 1w 6d 10h 49m","2h 6m","-","-","-","-","-"
"BUG-363","Bug Cliente","Orçamento - Erro ao gerar relatório ""Orçamento Analítico""","2025-04-14 16:44","Done","4h 27m","1h 20m","2h 50m","6h 47m","6d 16h 34m","3M 1w 6d 10h 49m","1h 16m","-","-","-","-","-"
"BUG-364","Bug Cliente","20464  - Orçamento - Insumo zerado ao gerar curva ABC de insumos","2025-04-15 08:30","Done","23h 20m","55m","1d 9h 3m","1d 21h 55m","2d 8h 34m","3M 1w 6d 10h 49m","16h 47m","-","-","-","-","-"
"BUG-365","Bug Cliente","Diário de obras - Erro ao inserir imagens para o relatório fotográfico","2025-04-15 15:49","Done","0m","1d 6h 55m","6h 3m","-","14h 0m","3M 2w 4d 5h 23m","5h 11m","-","-","-","-","-"
"BUG-366","Bug Cliente","#12518 - Orçamento - Relatorio de composição de bdi V2","2025-04-16 10:44","Done","1d 12h 4m","8h 21m","-","-","1d 4h 1m","2M 2w 0d 23h 22m","1d 7h 25m","1M 0w 0d 20h 3m","-","-","-","-"
"BUG-367","Bug Cliente","Prime - Erro ao carregar o orçamento","2025-04-16 14:33","Done","7h 48m","8h 41m","16h 32m","1d 21h 49m","2d 8h 35m","3M 1w 6d 10h 48m","1d 4h 37m","-","-","-","-","-"
"BUG-369","Bug Cliente","#12617 - orçamento - ao gerar curva abc de insumos, um item estava duplicado","2025-04-17 15:21","Done","18m","1m","1d 0h 57m","2d 5h 33m","2d 8h 35m","3M 1w 6d 10h 48m","19h 50m","-","-","-","-","-"
"BUG-371","Bug QA","Erro no link de compras ","2025-04-22 15:51","Done","-","-","34m","22m","5d 8h 33m","3M 1w 6d 10h 50m","1h 11m","-","-","-","-","-"
"BUG-372","Bug Cliente","20725 - Orçamento - Apollo - Orçamento de usuário não abre","2025-04-22 17:56","Done","0m","1h 16m","11h 57m","1d 11h 8m","0m","2M 2w 5d 3h 23m","4m","-","-","2w 5d 16h 47m","-","-"
"BUG-376","Bug Cliente","Orçamento - Erro nas unidades de composições de projeto da EMOP","2025-04-24 09:26","Done","5m","6h 23m","10h 13m","2m","4d 6h 12m","3M 1w 6d 10h 57m","1h 6m","-","-","-","-","-"
"BUG-378","Bug Cliente","#13041 - Bases de Preços - Composição vazia ","2025-04-25 09:14","Done","7h 58m","46m","58m","1d 21h 57m","2d 8h 33m","3M 1w 6d 10h 50m","7m","-","-","-","-","-"
"BUG-380","Bug Cliente","21021 - Orçamento - Relatorio de curva ABC itens zerados","2025-04-25 11:16","Done","12h 7m","2h 10m","3h 10m","11h 17m","3d 0h 37m","3M 1w 6d 10h 46m","7h 27m","-","-","-","-","-"
"BUG-382","Bug Cliente","#13148- Orçamento- Erro ao modificar valores dentro de uma composição","2025-04-28 13:23","Done","16m","3h 57m","35m","7m","2d 8h 33m","3M 1w 6d 10h 50m","1d 12h 27m","-","-","-","-","-"
"BUG-386","Bug Cliente","#21251 - Base de Preço - Itens de mão de obra não aparecem na extração da composição","2025-04-29 15:14","Done","4h 25m","35m","42m","0m","2d 8h 32m","3M 1w 6d 10h 51m","1d 3h 12m","-","-","-","-","-"
"BUG-387","Bug QA","Comparação de preços escrito errado. ","2025-04-29 15:23","Done","0m","18h 52m","14h 47m","30m","2d 8h 32m","3M 1w 6d 10h 51m","28m","-","-","-","-","-"
"BUG-390","Bug Dev","Bug visual no vencimento da licença","2025-04-30 11:46","Done","4h 57m","19h 11m","5h 3m","3m","3d 23h 58m","3M 1w 4d 19h 25m","0m","-","-","-","-","-"
"BUG-391","Bug QA","#13384 -  Orçamento -  O campo Adc. MO não aparece no relatório ","2025-04-30 17:18","Done","2h 50m","43m","28m","1h 59m","2d 8h 32m","3M 1w 6d 10h 51m","17h 8m","-","-","-","-","-"
"BUG-392","Bug Cliente","#21385 - Orçamento - Ao utilizar ferramenta de ajustar por valores absolutos, acontece erro 500","2025-05-02 09:04","Done","2m","14m","2h 2m","10h 56m","1d 23h 30m","3M 1w 6d 10h 55m","8h 21m","-","-","-","-","-"
"BUG-394","Bug Cliente","o cliente tentou inserir uma base propia mas ela sempre zerava quando ele ia colocar mesmo com os dados certos","2025-05-02 16:42","Done","2m","1h 57m","6h 1m","8h 58m","3d 16h 12m","3M 0w 2d 19h 12m","1h 44m","1w 1d 22h 36m","-","-","-","-"
"BUG-396","Bug Cliente","#13438 - Orçamento - Gerador de proposta carregando infinitamente","2025-05-02 16:52","Done","20h 1m","30m","51m","10h 12m","1d 8h 32m","3M 1w 6d 10h 51m","1h 33m","-","-","-","-","-"
"BUG-397","Bug Cliente","#13519 - Orçamento - Relatório  de Composição Analítica com preço Unitário","2025-05-05 14:37","Done","9h 32m","1h 15m","5h 35m","9m","1d 8h 28m","3M 1w 6d 10h 55m","2h 1m","-","-","-","-","-"
"BUG-398","Bug Dev","Problemas com a busca de composições","2025-05-05 15:50","Done","1m","1m","42m","0m","3d 23h 57m","3M 1w 4d 19h 26m","0m","-","-","-","-","-"
"BUG-399","Bug Dev","Bug na tela de HOME","2025-05-06 08:18","Done","0m","2h 56m","4m","5h 58m","3d 14h 57m","3M 1w 4d 19h 28m","0m","-","-","-","-","-"
"BUG-400","Bug Cliente","#21539 - Cadastro/Administrar Empresa - Erro 500 ao acessar conta do usuário","2025-05-06 08:51","Done","-","-","-","-","8h 22m","3M 1w 6d 4h 42m","1h 48m","-","-","-","-","2d 4h 32m"
"BUG-401","Bug Cliente","#13619 - Orçamento - erro ao gerar relatórios","2025-05-06 14:19","Done","53m","5h 24m","2h 6m","11h 13m","1d 8h 32m","3M 1w 6d 10h 51m","5m","-","-","-","-","-"
"BUG-402","Bug Cliente","21617 - Orçamento - Composições da Embasa estão sumindo ao inserir no orçamento","2025-05-06 16:05","Done","11h 6m","10h 29m","1h 27m","2d 20h 0m","1d 23h 50m","3M 1w 2d 11h 34m","6h 53m","-","-","-","-","-"
"BUG-403","Bug Cliente","#21663 - Orçamento - Não é possível ajustar valor de insumo ORSE dentro da composição","2025-05-07 11:06","Done","6h 5m","32m","5h 28m","16m","1d 8h 32m","3M 1w 6d 10h 51m","36m","-","-","-","-","-"
"BUG-404","Bug Cliente","#13712 - Orçamento - Coluna de quantidade do relatório Curva ABC de Insumos está com quantidades diferentes","2025-05-07 16:38","Done","10h 47m","12h 5m","1h 4m","4m","8h 32m","3M 1w 6d 10h 51m","9h 22m","-","-","-","-","-"
"BUG-405","Bug Dev","Erro ao fazer buscas com certos caracteres especiais","2025-05-08 10:54","Done","0m","2m","5h 37m","7m","2d 23h 55m","3M 1w 4d 19h 28m","0m","-","-","-","-","-"
"BUG-409","Bug Dev","Problema com busca de composições com acentuação","2025-05-09 10:47","Done","0m","2m","19m","11m","2d 15h 56m","3M 1w 4d 19h 27m","0m","-","-","-","-","-"
"BUG-410","Bug Dev","Duplicação de resultados ao adicionar itens ao orçamento (apollo)","2025-05-09 11:09","Done","0m","5h 33m","3h 26m","3h 3m","15h 50m","3M 1w 2d 11h 33m","0m","-","-","4d 0h 42m","-","0m"
"BUG-411","Bug Cliente","#13900 - Planejamento- Cliente reporta a falta da caixa de atv","2025-05-09 15:16","Done","7h 40m","6h 49m","3h 14m","2h 57m","32m","3M 1w 6d 10h 51m","6h 3m","-","-","-","-","-"
"BUG-413","Bug Cliente","13885 - Orçamento - Ao gerar relatórios analíticos tem as descrições de suas composições alteradas e incompletas mesmo após passar para a nova versão da orçafascio","2025-05-09 16:18","Done","0m","12h 1m","2h 12m","2d 8h 24m","16h 0m","3M 1w 3d 19h 23m","3h 4m","-","-","-","-","-"
"BUG-415","Bug Cliente","#13949 - Orçamento - erro ao atualizar estrutura de composição com o ""sincronizar com base própria"" ","2025-05-12 14:51","Done","0m","3h 25m","5h 21m","2d 9h 32m","2d 12h 21m","3M 1w 1d 23h 2m","50m","-","-","-","-","-"
"BUG-416","Bug Cliente","#21937 - Orçamento - Relatório V2 Sintético está saindo com valor final do orçamento errado","2025-05-12 16:45","Done","12h 28m","-","0m","0m","0m","2M 2w 2d 19h 18m","3d 2h 58m","3w 1d 20h 51m","-","-","-","-"
"BUG-418","Bug Cliente","Administrar/Cadastrar Empresa - Erro 500 ao excluir o usuário ","2025-05-13 08:23","Done","0m","3w 5d 13h 1m","54m","0m","2h 14m","2M 2w 3d 3h 0m","8h 14m","-","-","-","-","-"
"BUG-419","Bug Cliente","#14084 - Diário de Obras - Ao tentar gerar relatório e seguir ao próximo passo, a tela volta a página principal do diário de obras","2025-05-14 09:21","Done","16m","2h 51m","2h 32m","31m","32m","3M 1w 6d 10h 52m","1h 28m","-","-","-","-","-"
"BUG-420","Bug QA","Bases de preço - Visualização de valores por encargos sociais.  ","2025-05-14 11:30","Done","18h 11m","1h 2m","13h 30m","18m","8h 0m","3M 1w 4d 11h 23m","11h 27m","-","-","-","-","-"
"BUG-423","Bug Cliente","22128 -Orçamento-Cliente cria composição própria dentro da orçafascio, mas quando a coloca dentro do orçamento ela fica com o valor alterado","2025-05-15 14:27","Done","0m","12h 22m","4h 8m","1h 8m","0m","3M 1w 5d 11h 23m","29m","-","-","-","-","-"
"BUG-424","Bug Cliente","14360-Planejamento-Cliente veicula o orçamento ao planejamento , ao entrar o planejamento não carrega as informações pedidas","2025-05-16 16:53","Done","10m","2h 16m","1h 48m","1d 1h 25m","0m","3M 1w 4d 9h 58m","4h 54m","-","-","-","-","-"
"BUG-425","Bug Dev","Erro ao ordenar pastas ","2025-05-19 09:32","Done","1m","5h 16m","3h 35m","40m","1d 20h 21m","3M 1w 1d 23h 2m","1d 11h 5m","-","-","-","-","-"
"BUG-426","Bug Cliente","#14389 - Orçamento - Erro 500 ao tentar acessar comparador em orçamento finalizado","2025-05-19 10:31","Done","1h 34m","1h 40m","4h 13m","1h 27m","18h 17m","3M 1w 3d 17h 6m","12h 46m","-","-","-","-","-"
"BUG-427","Bug QA","Ferramenta de importação analitica","2025-05-19 16:19","Done","1h 2m","0m","14h 18m","30m","8h 0m","3M 1w 4d 11h 23m","38m","-","-","-","-","-"
"BUG-428","Bug Cliente","Importação de orçamento analitico","2025-05-20 08:51","Done","0m","2h 30m","3h 47m","8h 0m","8h 0m","3M 1w 4d 11h 23m","1h 43m","-","-","-","-","-"
"BUG-429","Bug Cliente","#14483 Orçamento - Valores divergentes nos relatórios sintéticos","2025-05-20 11:52","Done","1d 2h 5m","8h 27m","2h 59m","14m","1d 16h 0m","3M 1w 1d 19h 23m","4h 24m","-","-","-","-","-"
"BUG-430","Bug Dev","Erro na busca de composições com caracteres especiais","2025-05-20 14:52","Done","0m","1m","5h 39m","1h 24m","2d 16h 0m","3M 1w 1d 19h 23m","0m","-","-","-","-","35m"
"BUG-432","Bug Cliente","#14497 - Descrição das composições EMOP estão cortadas ao colocar no orçamento e no relatório ","2025-05-20 14:55","Done","43m","51m","6h 6m","1d 17h 2m","1d 8h 0m","3M 1w 1d 19h 23m","2h 22m","-","-","-","-","-"
"BUG-433","Bug Cliente","#14508 - Diario de obras - empreiteiros externos não estão conseguindo criar novos darios ","2025-05-20 15:43","Done","0m","4h 39m","6h 3m","2d 4h 2m","0m","3M 1w 2d 7h 23m","3h 57m","-","-","-","-","-"
"BUG-434","Bug Cliente","#14512 - Orçamento - Descrição dmt não aparece. ","2025-05-20 16:01","Done","5h 43m","3h 12m","3h 30m","2h 54m","2d 16h 0m","3M 1w 1d 19h 23m","1h 16m","-","-","-","-","-"
"BUG-436","Bug Cliente","Relatorio d composição propria sem observação","2025-05-21 09:04","Done","2h 21m","1h 58m","1h 16m","42m","2d 16h 0m","3M 1w 1d 19h 23m","7h 55m","-","-","-","-","-"
"BUG-439","Bug Dev","Medição - Ao realizar medição, há divergência com o valor do orçamento","2025-05-21 11:54","Done","12h 4m","20h 23m","0m","-","1d 4h 0m","3M 1w 2d 7h 23m","3h 25m","-","-","-","-","-"
"BUG-441","Bug Cliente","#14627 - Planejamento -  planejamento só fica carregando e não abre. ","2025-05-22 09:39","Done","13m","8h 11m","1h 32m","3h 28m","9h 51m","3M 1w 3d 17h 32m","1h 17m","-","-","-","-","-"
"BUG-442","Bug Cliente","INSERÇÃO DE COMPOSIÇÃO DE MO SINAPI DA BASE PROPRIA","2025-05-22 10:44","Done","0m","3h 59m","34m","1h 19m","2d 16h 0m","3M 1w 1d 19h 23m","6m","-","-","-","-","-"
"BUG-444","Bug Cliente","#14647 - Orçamento - Erro 500 ao realizar atualização de base de preços","2025-05-22 12:05","Done","59m","4m","36m","1h 12m","2d 16h 0m","3M 1w 1d 19h 23m","2h 0m","-","-","-","-","-"
"BUG-446","Bug Dev","Erro no link de movimentações da empresa","2025-05-22 14:24","Done","0m","0m","-","-","2d 16h 0m","3M 1w 1d 21h 55m","1h 3m","-","-","-","-","-"
"BUG-448","Bug Cliente","#14672 - Orçamento - erro ao atualizar a data base.","2025-05-22 15:10","Done","2m","2m","7h 17m","2h 14m","2d 6h 24m","3M 1w 1d 19h 23m","2h 49m","-","-","-","-","-"
"BUG-451","Bug Dev","Erro na sincronização do orçamento","2025-05-22 15:38","Done","0m","0m","3h 29m","0m","56m","3M 0w 6d 10h 27m","0m","-","-","4d 18h 24m","-","-"
"BUG-452","Bug Cliente","#22649 - Orçamento - Ao realizar substituição de composições somente um dos itens é alterado","2025-05-22 17:06","Done","10m","9h 11m","2h 32m","55m","2d 0h 0m","3M 1w 1d 19h 23m","53m","-","-","-","-","-"
"BUG-453","Bug Cliente","14694#-Orçamento-Cliente percebe que valor improdutivo do insumo muda conforme a lista","2025-05-22 17:09","Done","1m","2h 34m","6h 7m","1m","1d 16h 0m","3M 1w 1d 19h 23m","50m","-","-","9h 42m","-","-"
"BUG-454","Bug Backoffice","Filtro CRM ""empresas ""","2025-05-23 11:26","Done","1h 37m","-","-","-","0m","3M 1w 3d 19h 23m","11h 56m","-","-","-","-","-"
"BUG-455","Bug Backoffice","Erro no campo de pesquisa ""empresas""","2025-05-23 11:31","Done","5m","0m","-","-","2d 0h 0m","3M 1w 1d 19h 23m","7h 55m","-","-","-","-","-"
"BUG-456","Bug Backoffice","Faltando item nos modais de transição de coluna ","2025-05-23 11:34","Done","1h 38m","-","-","-","0m","3M 1w 3d 19h 23m","11h 48m","-","-","-","-","-"
"BUG-458","Bug Cliente","14757 - Orçamento - Distancia media de transporte. ","2025-05-23 12:00","Done","4h 15m","4h 1m","2h 47m","0m","2d 0h 0m","3M 1w 1d 19h 23m","1h 57m","-","-","-","-","-"
"BUG-459","Bug Cliente","#14761 - Orçamento - botão de sincronizar com base própria não esta funcionando","2025-05-23 14:58","Done","8h 18m","19h 22m","1h 21m","1h 34m","16h 0m","3M 1w 1d 19h 23m","4h 39m","-","-","-","-","-"
"BUG-460","Bug Cliente","#22709 - Planejamento - Visualização do diagrama de redes está se alterado","2025-05-23 15:08","Done","9h 34m","14m","3h 26m","3h 20m","0m","3M 1w 2d 0h 23m","1d 13h 18m","-","-","-","-","-"
"BUG-461","Bug Cliente"," 14789-Orçamento-Cliente tenta exportar composição para palhinha do Excel, mas sempre aparece mensagem de erro","2025-05-23 17:10","Done","0m","44m","-","-","2d 0h 0m","3M 1w 1d 19h 23m","2h 26m","-","-","-","-","-"
"BUG-462","Bug Cliente","#22725 - Orçamento - Orçamento do cliente está com erro 500","2025-05-23 17:15","Done","9h 34m","2h 45m","26m","9h 38m","1d 8h 0m","3M 1w 1d 19h 23m","2h 21m","-","-","-","-","-"
"BUG-464","Bug QA","Base de Preço - Composições próprias no modelo Sicro não carregam insumos","2025-05-26 11:47","Done","2h 44m","3h 40m","5h 3m","23m","1d 8h 0m","3M 1w 1d 19h 23m","5h 48m","-","-","-","-","-"
"BUG-465","Bug Cliente","Orçamento - Erro ao excluir composição ou insumo no orçamento","2025-05-26 12:09","Done","7h 49m","8h 38m","5h 54m","3d 2h 23m","2d 13h 40m","3M 0w 4d 3h 23m","5h 36m","-","-","-","-","-"
"BUG-466","Bug Cliente","#14877 - Ao gerar relatorio de curva ABC de insumos a pagina da erro","2025-05-26 15:52","Done","3h 9m","2h 10m","35m","27m","1d 16h 0m","3M 1w 1d 19h 23m","3h 43m","-","-","-","-","-"
"BUG-467","Bug Backoffice","Observação coluna de negociação ","2025-05-26 17:46","Done","1h 5m","-","-","-","56m","3M 1w 3d 10h 27m","7h 9m","-","-","-","-","-"
"BUG-468","Bug Cliente","Orçamento - Ao inserir um insumo próprio no orçamento, o sistema gera um erro","2025-05-27 14:02","Done","1h 24m","6h 15m","7h 51m","4m","1d 0h 0m","3M 1w 1d 19h 23m","3h 57m","-","-","-","-","26m"
"BUG-469","Bug Backoffice","Bug de permissão de visualização de CRM ","2025-05-27 20:58","Done","0m","-","-","-","1h 1m","3M 1w 3d 10h 22m","0m","-","-","-","-","-"
"BUG-470","Bug Cliente"," 15088#-Orçamento-Cliente ao tentar substituir os encargos sociais de seu orçamento, ocorre erro 500","2025-05-28 15:13","Done","0m","4h 24m","6h 7m","3d 2h 23m","10h 25m","3M 0w 6d 6h 39m","13m","-","-","-","-","-"
"BUG-471","Bug Cliente","#15119 - Orçamento - erro ao gerar o relatório de resumo. ","2025-05-29 09:09","Done","4h 20m","33m","4h 33m","17h 29m","5d 8h 52m","3M 0w 3d 10h 31m","4h 55m","-","-","-","-","-"
"BUG-472","Bug Dev","Problema de adição de composição dentro de si mesma no orçamento","2025-05-29 11:05","Done","3h 19m","14h 15m","6h 4m","-","10h 30m","3M 0w 6d 0h 53m","3h 12m","-","-","-","-","-"
"BUG-473","Bug Cliente","#23070 - Orçamento - Ao gerar caderno técnico pelos relatórios do orçamento, não está saindo descrição","2025-05-29 11:38","Done","8h 12m","5h 55m","3h 31m","29m","8h 0m","3M 1w 1d 19h 23m","2h 26m","-","-","-","-","-"
"BUG-474","Bug Cliente","#15118 Mudança no layouts de um insumo sicro 3 na versão antiga","2025-05-29 11:50","Done","6h 27m","16h 12m","2h 23m","16m","0m","3M 1w 1d 19h 23m","3h 51m","-","-","-","-","-"
"BUG-475","Bug Cliente","#23080 - Orçamento - Relatório Sintético com Valor da Mão de Obra, Equipamento e Material saindo com material zerado","2025-05-29 12:40","Done","54m","2h 2m","5h 43m","11m","16h 0m","3M 1w 1d 19h 23m","2h 4m","-","-","-","-","-"
"BUG-476","Bug Cliente","#15131 Ao alterar, o e-mail de cadastro da como e-mail não cadastrado ","2025-05-29 14:18","Done","10h 42m","3h 0m","3h 36m","0m","8h 0m","3M 1w 1d 19h 23m","2h 23m","-","-","-","-","-"
"BUG-477","Bug Cliente","#23098 - Orçamento - Ao salvar modificação não carrega na lista de insumo","2025-05-29 15:48","Done","2h 27m","1m","47m","5h 52m","16h 0m","3M 1w 1d 19h 23m","54m","-","-","-","-","-"
"BUG-479","Bug Cliente","#23104 - Orçamento - Cronograma com percentuais divergentes","2025-05-29 16:15","Done","1h 42m","4h 16m","1h 1m","12m","0m","3M 1w 1d 19h 23m","17h 44m","-","-","-","-","-"
"BUG-480","Bug Cliente","15225#-Cadastro/Administrar minha empresa-Cliente ao tentar excluir usuário da erro 500","2025-05-30 10:47","Done","4d 17h 12m","0m","3h 17m","0m","10h 45m","2M 4w 1d 2h 21m","5d 8h 0m","-","-","-","-","-"
"BUG-481","Bug QA","Lista de Clientes","2025-06-02 09:20","Done","-","30m","24m","58m","8h 0m","3M 1w 1d 19h 23m","4h 47m","-","-","-","-","-"
"BUG-483","Bug Cliente","#15282 - Diario de Obras - Erros de adição de tarefas no diário de obras. ","2025-06-02 10:19","Done","12h 32m","6h 12m","1h 59m","-","3h 0m","3M 1w 1d 0h 23m","8h 40m","-","-","-","-","-"
"BUG-484","Bug Cliente","#15294 - Orçamento - Erro 500 ao Abrir lista de insumos ","2025-06-02 10:30","Done","0m","1h 35m","6h 22m","3m","2d 21h 26m","3M 0w 5d 21h 57m","5h 29m","-","-","-","-","-"
"BUG-487","Bug Dev","Bug ao sincronizar insumos com base própria","2025-06-02 11:45","Done","0m","50m","3h 23m","1m","8h 0m","3M 1w 1d 19h 23m","0m","-","-","-","-","-"
"BUG-488","Bug Cliente","Bases de Preço - Algumas composições da Orse estão com a unidade errada","2025-06-02 14:02","Done","0m","0m","6h 42m","1h 18m","0m","3M 1w 1d 19h 23m","3h 57m","-","-","-","-","-"
"BUG-495","Bug Cliente","AO EXCLUIR O CADERNO TECNICO DA COPIA, EXCLUI TAMBEM O ORIGINAL","2025-06-05 11:13","Done","0m","1d 15h 9m","44m","0m","2d 9h 11m","3M 0w 4d 2h 12m","5h 53m","-","-","-","-","-"
"BUG-498","Bug Cliente","#15612 -Cadastro/Administrar empresa-Cliente não consegue acessar a plataforma ","2025-06-06 09:25","Done","4d 18h 57m","4m","1h 34m","0m","10h 38m","2M 4w 1d 2h 21m","3d 17h 23m","-","-","-","-","-"
"BUG-500","Bug Cliente","#23567 - Orçamento - Erro 500 ao tentar acessar opção dentro de gerador de proposta","2025-06-06 14:46","Done","2h 49m","1d 5h 33m","3h 18m","10h 39m","20h 30m","3M 0w 3d 22h 53m","21h 26m","-","-","0m","-","11m"
"BUG-501","Bug Dev","Bug - Erro ao editar descrição - lista de composição ","2025-06-06 15:15","Done","0m","0m","1h 6m","1h 27m","37m","3M 1w 0d 18h 46m","6m","-","-","-","-","-"
"BUG-502","Bug Dev","Bug - Lista de insumo -erro ao editar preço unitário ","2025-06-06 15:21","Done","0m","0m","13m","1h 54m","36m","3M 1w 0d 18h 47m","26m","-","-","-","-","-"
"BUG-503","Bug Cliente","Orçamento - Ao tentar substituir um insumo por outro, a função ""substituir"" não funciona","2025-06-09 08:18","Done","9h 38m","1d 1h 15m","9h 18m","44m","15h 9m","2M 3w 6d 12h 14m","17h 54m","-","-","6d 15h 7m","-","3h 27m"
"BUG-504","Bug QA","Orçamento - Função de Copiar Orçamento não está funcionando","2025-06-09 09:03","Done","0m","34m","7m","27m","1d 5h 24m","3M 0w 5d 21h 59m","8h 41m","-","-","-","-","-"
"BUG-505","Bug QA","ERRO AO ADICIONAR INSUMO QUE ESTA EM GRUPO DE INSUMO","2025-06-09 11:33","Done","-","1h 29m","-","-","2h 53m","2M 2w 3d 21h 39m","27m","2w 4d 6h 11m","-","-","-","-"
"BUG-506","Bug Cliente","#23641 - Orçamento - Memória de cálculo com resultado errado","2025-06-09 15:38","Done","14h 10m","7h 38m","1h 45m","1d 16h 13m","7h 22m","3M 0w 4d 2h 3m","12h 33m","-","-","-","-","-"
"BUG-511","Bug Cliente","#23661 - Base de Preço - Erro 500 ao tentar criar uma composição","2025-06-10 13:52","Done","3m","8h 27m","1h 21m","13m","2d 8h 52m","3M 0w 4d 2h 31m","6h 19m","-","-","-","-","-"
"BUG-512","Bug Cliente"," #23778 -Orçamento-Cliente reporta instabilidade no sistema ao adicionar etapas em um orçamento com mais de 10 mil itens","2025-06-11 12:29","Done","0m","3m","38m","1d 14h 41m","3d 10h 6m","3M 0w 0d 23h 12m","23h 44m","-","-","-","-","-"
"BUG-514","Bug Cliente","#15897 - base de preços - Valores errados de insumo. ","2025-06-11 17:45","Done","29m","14m","1h 22m","1d 15h 50m","6h 4m","3M 0w 4d 3h 13m","16h 26m","-","-","-","-","-"
"BUG-515","Bug QA","Base de Preço - Composição própria modelo SINAPI como Atividades Auxiliares","2025-06-11 18:01","Done","13h 32m","13h 25m","2h 35m","0m","17h 3m","2M 4w 1d 2h 20m","5d 18h 28m","-","-","-","-","-"
"BUG-516","Bug QA","Orçamento - Ajustes para realizar na ferramenta ""Lista de Insumos""","2025-06-12 09:43","Done","2h 42m","21h 33m","2h 36m","0m","17h 3m","2M 4w 1d 2h 20m","5d 17h 44m","-","-","-","-","-"
"BUG-517","Bug Cliente","#15929 - Orçamento - ao modificar a quantidade do item, a descrição é cortada. ","2025-06-12 10:57","Done","19h 10m","14h 27m","3h 18m","23m","1d 1h 7m","3M 0w 3d 10h 16m","14h 41m","-","-","-","-","-"
"BUG-518","Bug Dev","Erro de sintaxe ","2025-06-12 11:24","Done","1m","2m","23m","22m","4h 45m","3M 0w 6d 6h 38m","31m","-","-","-","-","-"
"BUG-519","Bug QA","Orçamento - Desconto aplicado em todos os itens na Lista de Insumos","2025-06-12 11:58","Done","19h 50m","11h 20m","1h 31m","47m","3d 17h 4m","2M 4w 1d 2h 19m","2d 10h 18m","-","-","-","-","-"
"BUG-520","Bug Cliente","Bases - Erro ao tentar adicionar insumos na composição própria do modelo Sicro","2025-06-12 12:16","Done","17h 0m","0m","5h 4m","5d 9h 42m","17h 4m","2M 4w 1d 2h 19m","13h 14m","-","-","-","-","-"
"BUG-521","Bug Cliente","Relatório - No relatório de Composições Analíticas com Preço Unitário, as composições estão duplicadas","2025-06-12 12:30","Done","46m","1d 16h 31m","2h 30m","12h 0m","1d 9h 14m","3M 0w 2d 10h 9m","13h 14m","-","-","-","-","-"
"BUG-523","Bug Cliente","#23915-Orçamento-Cliente não consegue sincronizar com Base própria","2025-06-13 09:54","Done","0m","0m","2h 2m","1d 15h 29m","5d 7h 5m","2M 4w 1d 2h 19m","7h 32m","-","-","-","-","-"
"BUG-524","Bug Cliente","#16002 - Orçamento - erro ao substituir","2025-06-13 10:18","Done","16h 34m","1m","6h 46m","5d 8h 0m","17h 11m","2M 4w 1d 2h 12m","7h 21m","-","-","-","-","-"
"BUG-525","Bug QA","Orçamento - Adicionar composição/insumo em composição não salva","2025-06-13 10:36","Done","0m","0m","2h 30m","21h 43m","20h 23m","3M 0w 4d 10h 2m","3h 8m","-","-","-","-","-"
"BUG-526","Bug Dev","Erro Sentry: método não pode ser encontrado","2025-06-13 14:56","Done","0m","8m","-","-","1d 16h 0m","3M 0w 4d 3h 23m","0m","-","-","-","-","-"
"BUG-527","Bug Dev","Erro na busca de composições - caracteres inválidos","2025-06-13 15:31","Done","0m","9m","-","-","1d 16h 0m","3M 0w 4d 3h 23m","1m","-","-","-","-","-"
"BUG-528","Bug QA","Orçamento - Erro 500 ao tentar sincronizar com base própria com Caderno Técnico","2025-06-16 09:35","Done","0m","8m","6m","8h 0m","9h 20m","3M 0w 4d 10h 3m","19h 26m","-","-","-","-","-"
"BUG-529","Bug Cliente","16080#-Bases e preços-Cliente ao tentar copiar composição de codigo: 101972, 102187 ,102183 , gera erro 500","2025-06-16 11:10","Done","5m","0m","21h 46m","21m","1h 21m","3M 0w 3d 10h 2m","1d 14h 37m","-","-","-","-","-"
"BUG-530","Bug Cliente","Whats - +55 42 8855-3891 - Orçabim - erro ao vincular orçamento ao plugin","2025-06-16 11:56","Done","2h 11m","0m","5h 50m","8h 28m","33m","2M 2w 3d 9h 37m","1d 13h 52m","-","-","-","-","-"
"BUG-531","Bug Cliente","#16103 - Orçamento - unidades e valores zerados ao adicionar no orçamento. ","2025-06-16 15:01","Done","9h 43m","3d 3h 0m","6h 46m","33m","1d 9h 2m","2M 4w 1d 2h 21m","1d 3h 42m","-","-","-","-","-"
"BUG-533","Bug Dev","#24084 - Bases de Preço - Erro 500 ao tentar importar composições com insumos IOPES","2025-06-17 12:03","Done","8h 24m","2h 51m","1h 7m","6d 4h 20m","2d 8h 26m","2M 3w 4d 17h 31m","21h 44m","-","-","-","-","-"
"BUG-534","Bug Dev","Ícones errados ","2025-06-17 14:42","Done","0m","2m","2h 2m","0m","1d 1h 19m","3M 0w 4d 10h 4m","53m","-","-","-","-","-"
"BUG-535","Bug Cliente","Orçamento - Sincronizar com a base própria não está funcionando","2025-06-17 17:41","Done","1m","2d 20h 47m","9h 56m","1d 22h 4m","17h 2m","2M 4w 1d 2h 21m","5h 35m","-","-","-","-","-"
"BUG-537","Bug Backoffice","Bug - Agendamento CRM Farmer ","2025-06-18 14:45","Done","0m","0m","-","-","1w 6d 9h 54m","2M 2w 5d 17h 29m","2d 1h 43m","-","-","-","-","-"
"BUG-538","Bug Cliente","#16261 - bases de preços - insumos faltando na composição ","2025-06-18 15:06","Done","7h 20m","1h 12m","2h 44m","12h 0m","0m","3M 0w 3d 19h 23m","11h 37m","-","-","-","-","-"
"BUG-539","Bug Cliente","#16340 - Valor da composição propria não atualiza","2025-06-20 17:12","Done","1h 33m","0m","11h 32m","57m","3d 16h 54m","2M 4w 1d 2h 17m","2h 34m","-","-","-","-","1d 0h 22m"
"BUG-540","Bug Cliente","Orçamento - O processo de Compatibilização de Bases não é realizado, pois não é carregado","2025-06-25 12:53","Done","21h 57m","1d 22h 51m","4h 22m","48m","1m","2M 4w 0d 19h 11m","1d 13h 44m","-","-","-","-","-"
"BUG-541","Bug QA","Orçamento - Ao editar a quantidade de uma composição no orçamento, descrição é cortada","2025-06-25 14:27","Done","1m","1h 25m","1h 22m","27m","1h 7m","3M 0w 3d 10h 16m","18m","-","-","-","-","-"
"BUG-542","Bug QA","Base de Preço - Código de Insumo não é preenchido automaticamente ao criar insumo dentro de composição","2025-06-25 15:09","Done","2h 11m","0m","3h 37m","1h 35m","3d 1h 11m","2M 4w 1d 2h 12m","1d 0h 39m","-","-","-","-","-"
"BUG-543","Bug Cliente","#24417 - Orçamento - Erro 500 ao abrir uma composição","2025-06-25 17:15","Done","10h 29m","3h 8m","8h 31m","1d 22h 25m","17h 6m","2M 4w 1d 2h 17m","14h 30m","-","-","-","-","28m"
"BUG-544","Bug Cliente","#16542 - Ao criar insumo próprio dentro do orçamento ele puxa código de insumo anterior","2025-06-25 17:44","Done","2d 3h 39m","2m","1h 51m","34m","10h 17m","2M 3w 1d 17h 6m","14h 1m","1w 0d 11h 5m","-","-","-","-"
"BUG-545","Bug QA","Base de Preço - Ao criar insumo dentro de composição com Estados diferentes","2025-06-25 18:08","Done","10h 2m","4h 23m","5h 38m","10m","1d 9h 11m","2M 4w 1d 2h 12m","2d 0h 0m","-","-","-","-","-"
"BUG-546","Bug Cliente","#16546 - Orçamento - Erro ao gerar relatório de curva abc de insumos. ","2025-06-26 09:07","Done","1m","7h 11m","2h 29m","2d 16h 34m","17h 12m","2M 4w 1d 2h 11m","13h 37m","-","-","-","-","-"
"BUG-547","Bug QA","Orçamento - Botão ativo após excluir composição/Insumo","2025-06-26 10:37","Done","1d 10h 47m","2h 26m","2h 34m","0m","17h 12m","2M 4w 1d 2h 11m","1d 22h 22m","-","-","-","-","-"
"BUG-548","Bug Cliente","Prime - (Administrar Empresa) Solicitação de troca de ADM da licença","2025-06-26 11:37","Done","-","-","-","-","22h 28m","3M 0w 2d 10h 10m","8m","-","-","-","-","-"
"BUG-549","Bug Backoffice","Leads não aparecem no CSM dos farmers","2025-06-26 16:41","Done","33m","0m","-","-","1w 0d 9h 53m","2M 3w 4d 17h 30m","0m","-","-","-","-","-"
"BUG-550","Bug Backoffice","Visualização de contatos","2025-06-26 16:42","Done","1h 17m","8h 0m","2h 51m","1w 5d 2h 15m","10m","2M 2w 3d 9h 37m","0m","-","-","-","-","-"
"BUG-551","Bug Cliente","#16601-OrçaBim-Ao organizar os itens no orçaBIM, a ordem deles (a itemização) não é levada para a web e se quando abro de novo no BIM ele vem errado da web","2025-06-27 09:46","Done","1w 2d 15h 13m","0m","1h 2m","2h 20m","0m","2M 2w 6d 17h 49m","1d 0h 0m","-","-","-","-","-"
"BUG-553","Bug Cliente","#16643 - Orçamento - Relatório Sintético com valor de material e mão de obra sai com insumos com valores negativos","2025-06-27 15:53","Done","1d 6h 17m","1h 24m","40m","26m","1d 9h 13m","2M 4w 1d 2h 10m","1d 0h 58m","-","-","-","-","-"
"BUG-554","Bug Cliente","#24523 - Orçamento - Cliente não consegue sincronizar com a base própria após atualizar o código da composição","2025-06-27 16:11","Done","3h 31m","5h 43m","3h 55m","28m","2d 1h 13m","2M 4w 1d 2h 10m","1d 0h 55m","-","-","-","-","-"
"BUG-555","Bug Cliente","#16676-Orçamento-Relatório gerado com descrições incompletas/diferentes do orçamento","2025-06-30 10:01","Done","1d 5h 18m","16h 0m","2h 42m","52m","17h 14m","2M 4w 1d 2h 9m","21h 6m","-","-","-","-","-"
"BUG-556","Bug QA","QUANTIDADE ZERO AO CRIAR COMPOSIÇÃO NO ORÇAMENTO","2025-06-30 10:38","Done","1d 10h 50m","0m","1h 59m","0m","10h 7m","2M 4w 1d 2h 14m","1d 15h 35m","-","-","-","-","-"
"BUG-557","Bug Cliente","#16703 -Orçamento-Cliente não consegue alterar preços dos insumos no orçamento","2025-06-30 14:52","Done","2h 51m","1m","24m","1d 22h 4m","17h 12m","2M 4w 1d 2h 11m","17h 47m","-","-","-","-","-"
"BUG-559","Bug Cliente","16701 - Prime -  Permissões de acesso ","2025-06-30 17:47","Done","2d 6h 44m","8h 1m","1h 52m","1m","1h 20m","2M 4w 1d 2h 13m","15h 25m","-","-","-","-","-"
"BUG-561","Bug Cliente","#16706 - Versão antiga acrescentar valor percentual nos insumos não vai ","2025-06-30 17:58","Done","14m","3h 13m","1h 56m","1d 23h 27m","17h 9m","2M 4w 1d 2h 14m","8h 51m","-","-","-","-","-"
"BUG-562","Bug Cliente","#16842 - Ao gerar o orçamento analítico a sigla EMP aparece no lugar de próprio ","2025-07-02 09:56","Done","41m","9h 44m","6h 3m","18m","1d 17h 8m","2M 4w 1d 2h 15m","1m","-","-","-","-","14h 16m"
"BUG-563","Bug Cliente","#24514 - Orçamento - A composição própria adicionada no orçamento é inserida com um valor diferente da base própria","2025-07-02 10:33","Done","2h 45m","10h 37m","2h 44m","1d 8h 31m","17h 8m","2M 4w 1d 2h 15m","5h 51m","-","-","-","-","-"
"BUG-568","Bug Cliente","Administrar empresa - Excluir usuário teste do cliente ","2025-07-03 11:28","Done","2d 2h 24m","0m","2h 4m","0m","10h 9m","2M 4w 1d 2h 13m","4m","-","-","-","-","-"
"BUG-569","Bug QA","TELA DE SUBSTITUIÇÃO DE COMPOSIÇÃO","2025-07-07 10:11","Done","1d 11h 3m","39m","2h 0m","3h 28m","1h 10m","2M 4w 1d 2h 13m","1m","-","-","-","-","-"
"BUG-571","Bug QA","Base de Preços - Valor retornando como ""Undefined""","2025-07-08 10:02","Done","1d 9h 19m","7h 2m","2h 9m","26m","13m","2M 4w 0d 19h 10m","18m","-","-","-","-","-"
"BUG-572","Bug Cliente","Orçamento com erro na divergência de data","2025-07-08 14:59","Done","15h 12m","7h 5m","3h 10m","28m","20h 21m","2M 3w 6d 7h 2m","1d 4h 54m","-","-","-","-","-"
"BUG-573","Bug Cliente","#25082 - Base de Preço - Insumo de mão de obra SICRO zerado na base","2025-07-08 16:59","Done","0m","47m","4h 4m","11h 56m","17h 8m","2M 4w 1d 2h 15m","13m","-","-","-","-","-"
"BUG-574","Bug Cliente","#17222-Orçamento-Cliente ao inserir composição em oçamento MO ficar com valor e data diferente","2025-07-09 11:00","Done","12h 7m","23m","2h 14m","8h 0m","2d 10h 6m","2M 3w 4d 17h 17m","1d 7h 15m","-","-","-","-","-"
"BUG-575","Bug Cliente","#17240 - Orçamento - Ao selecionar a opção ""Trazer e Sincronizar Cadernos Técnicos"" e gerar o relatório ""Cadernos Técnicos"", o arquivo é exportado vazio","2025-07-10 08:35","Done","14h 33m","5h 6m","20m","15m","13m","2M 4w 0d 19h 10m","7h 29m","-","-","-","-","-"
"BUG-576","Bug Backoffice","Bug - Liberação de teste ","2025-07-10 10:00","Done","-","-","45m","-","5d 3h 48m","2M 3w 3d 21h 13m","36m","-","-","-","-","-"
"BUG-577","Bug QA","Cadastrar/Administrar Empresa - Erro 500 ao tentar liberar permissões de usuário","2025-07-10 11:47","Done","3h 7m","0m","51m","0m","17h 7m","2M 4w 1d 2h 16m","3m","-","-","-","-","-"
"BUG-578","Bug Dev","Bug busca de composições","2025-07-10 16:08","Done","4m","6m","51m","0m","1w 3d 1h 55m","2M 2w 5d 17h 28m","1m","-","-","-","-","-"
"BUG-579","Bug QA","Base de Preço - Composições da AGETOP CIVIL com valores diferentes da base","2025-07-10 16:47","Done","0m","0m","15m","52m","17h 7m","2M 4w 1d 2h 16m","5m","-","-","-","-","-"
"BUG-580","Bug Cliente","#17294 - Orçamento - Mesmo editando descrições na lista de composições as descrições não vão para o Orçamento. ","2025-07-10 17:37","Done","20h 18m","0m","2h 9m","14m","3d 17h 9m","2M 3w 3d 10h 14m","17h 41m","-","-","-","-","-"
"BUG-581","Bug Backoffice","Correção de fluxo de rodízio SDR GOV","2025-07-11 10:43","Done","5h 34m","6h 31m","21m","1h 50m","4d 6h 10m","2M 3w 3d 21h 13m","0m","-","-","-","-","-"
"BUG-583","Bug Cliente","#17398-Orçamento-Cliente ao tentar importar composição analitica de preço unitario a tela fica travada","2025-07-11 15:29","Done","12h 9m","13h 33m","3h 49m","1h 12m","9h 45m","2M 3w 4d 1h 38m","3h 47m","-","-","-","-","2d 12h 54m"
"BUG-584","Bug Cliente","#24807 - Orçamento - Coluna de grupo vazia na curva abc de insumos","2025-07-14 08:46","Done","3h 50m","1h 36m","1h 10m","13m","1h 7m","2M 4w 1d 2h 16m","25m","-","-","-","-","-"
"BUG-586","Bug Cliente","#17465  - Erro ao entrar na composição própria no orçaprime","2025-07-14 11:05","Done","14h 56m","5h 20m","10h 10m","0m","12h 38m","2M 3w 6d 7h 1m","6h 13m","-","-","-","-","-"
"BUG-587","Bug Dev","Bug - Falta de aviso no modal de bancos ","2025-07-14 15:17","Done","3h 11m","0m","44m","2d 6h 30m","1d 9h 39m","2M 0w 2d 17h 5m","1w 6d 16h 14m","1w 2d 0h 42m","-","-","-","-"
"BUG-588","Bug Cliente","#17555 - OrçafascioPrime - Cliente ao tentar fazer a cópia de uma composição da base para fazer a sinapização da erro 500","2025-07-15 15:37","Done","8h 8m","2m","7h 49m","0m","0m","2M 4w 0d 3h 23m","2h 22m","-","-","-","-","-"
"BUG-590","Bug Cliente","#17486 - Orçamento - Itens com valores diferentes nos relatórios","2025-07-16 08:54","Done","8h 34m","3h 54m","-","-","3d 17h 12m","2M 3w 3d 10h 11m","0m","-","-","-","-","-"
"BUG-592","Bug Cliente","#17587 - Orçamento - Erro ao gerar qualquer relatório v2 ","2025-07-16 16:24","Done","10h 32m","-","0m","0m","0m","2M 2w 2d 14h 53m","30m","1w 3d 9h 38m","-","-","-","-"
"BUG-594","Bug QA","Orçamento - Comparação de preços com valor de base errado","2025-07-16 17:38","Done","1h 5m","8h 8m","6h 52m","2m","3d 9h 10m","2M 3w 3d 10h 13m","2m","-","-","-","-","-"
"BUG-595","Bug Cliente","#25375-Orçamento-Cliente ao trocar de email,relatou que que composições feitas em sua base propria sumiram/viraram insumos","2025-07-17 16:16","Done","5h 3m","1d 0h 21m","2h 27m","20h 43m","1d 12h 39m","2M 3w 3d 10h 9m","1h 43m","-","-","-","-","-"
"BUG-597","Bug Cliente","#17743 - Bases de preço - Erro ao adicionar insumos de 06/25 da SINAPI ","2025-07-18 10:14","Done","2h 23m","7h 4m","3h 52m","0m","5h 15m","2M 3w 6d 6h 8m","1h 25m","-","-","-","-","-"
"BUG-598","Bug Dev","Mensagem de erro com má formatação ao logar com Azure","2025-07-18 11:09","Done","0m","0m","4h 24m","0m","1w 0d 10h 31m","2M 2w 5d 17h 28m","0m","-","-","-","-","-"
"BUG-599","Bug Cliente","#17763 - Orçamento - erro na substituição de insumo P9824 para 88316 e alguns outros itens ","2025-07-18 11:54","Done","20h 57m","-","28m","0m","1d 1h 31m","2M 3w 3d 10h 5m","1d 15h 28m","-","-","-","-","-"
"BUG-600","Bug Cliente","#17804 - Orçamento - pasta sumiu - solicitado o backup ","2025-07-18 17:35","Done","2h 57m","0m","1h 48m","1m","28m","2M 3w 6d 6h 8m","8h 25m","-","-","-","-","-"
"BUG-601","Bug Cliente","#17861 - Base de preços - Base sinapi sem tipificação nas composições ","2025-07-21 14:47","Done","2h 15m","1h 3m","4h 6m","-","1d 17h 20m","2M 3w 3d 10h 3m","3h 12m","-","-","-","-","18h 7m"
"BUG-602","Bug Cliente","#17889 - Ao alterar o coeficiente de uma composição própria o coeficiente mantém ","2025-07-21 17:46","Done","7m","18h 21m","1h 48m","58m","2d 0h 20m","2M 3w 3d 10h 6m","14m","-","-","-","-","-"
"BUG-603","Bug Cliente","Correção na criação de orçamento, pois está afetando o comportamento dos campos de licitação e TransfereGov","2025-07-22 09:03","Done","12m","-","4h 21m","6m","2d 19h 53m","2M 3w 3d 10h 48m","0m","-","-","-","-","-"
"BUG-604","Bug QA","Bug- Filtro da lista de composição ","2025-07-22 09:18","Done","44m","0m","1h 42m","0m","2d 9h 28m","2M 3w 3d 21h 13m","33m","-","-","-","-","-"
"BUG-605","Bug Cliente","#17900 - Bases de preço - item Mensalista esta como horista na plataforma ","2025-07-22 09:46","Done","9h 5m","11h 41m","1h 9m","0m","1d 17h 21m","2M 3w 3d 10h 2m","3h 34m","-","-","-","-","-"
"BUG-606","Bug QA","Botão aparecendo na home do sistema","2025-07-22 15:12","Done","30m","7m","1h 56m","-","2d 17h 17m","2M 3w 3d 10h 6m","1m","-","-","-","-","-"
"BUG-609","Bug QA","Planejamento - Relatórios de histograma com nome divergente","2025-07-22 16:31","Done","1h 28m","15h 1m","4h 6m","8h 31m","9h 16m","2M 3w 3d 10h 7m","0m","-","-","-","-","-"
"BUG-610","Bug Cliente","#17968 - Orçamento - Erro 500 ao abrir lista de insumos. ","2025-07-22 17:13","Done","3h 50m","2h 5m","35m","1h 0m","17h 9m","2M 3w 4d 17h 17m","9h 7m","-","-","-","-","-"
"BUG-611","Bug Cliente","#18005 - Orçamento - Ao realizar substituição de insumos em Lista de Insumos, a ação não é realizada","2025-07-23 11:17","Done","16h 21m","5m","6h 22m","59m","1d 9h 16m","2M 3w 3d 10h 7m","5h 55m","-","-","-","-","-"
"BUG-612","Bug Cliente","#18031 - Orçamento - Erro ao subsistir  insumos dentro da lista de insumo","2025-07-23 16:22","Done","20h 57m","-","28m","0m","1d 0h 48m","2M 3w 3d 10h 47m","12h 0m","-","-","-","-","-"
"BUG-613","Bug Backoffice","Problema com confirmação de pagamento","2025-07-23 16:44","Done","21h 55m","1m","0m","3h 8m","6d 1h 8m","2M 2w 5d 18h 15m","0m","-","-","-","-","-"
"BUG-615","Bug QA","Transfere GOV","2025-07-24 10:44","Done","2h 54m","1h 27m","-","-","1d 23h 40m","2M 3w 3d 10h 46m","23m","-","-","-","-","-"
"BUG-618","Bug QA","Transfere GOV","2025-07-24 11:37","Done","1m","-","-","-","2h 54m","2M 2w 3d 21h 39m","5h 24m","-","-","-","-","-"
"BUG-620","Bug Dev","Erro no Relatório de composição ao enviar para o cde","2025-07-24 17:31","Done","3m","0m","32m","35m","6d 16h 11m","2M 2w 5d 18h 15m","1m","-","-","-","-","-"
"BUG-621","Bug Cliente","Base de Preço - Insumos da SCO estão zerados","2025-07-25 11:15","Done","27m","6d 15h 11m","3h 14m","3d 9h 58m","3d 0h 0m","2M 1w 6d 3h 23m","7m","-","-","-","-","-"
"BUG-624","Bug Cliente","#18293 -  Orçamento - Mesmo após o prazo de 90 dias para a exclusão permanente, os orçamentos excluídos permanecem no sistema, sendo possível ainda recuperá-los","2025-07-29 11:19","Done","1d 3h 31m","7h 1m","3h 13m","8h 0m","10h 17m","2M 3w 1d 17h 7m","7h 1m","-","-","-","-","-"
"BUG-625","Bug Cliente","#18296 - Orçamento - pasta e composição própria sumiram - solicitado o backup ","2025-07-29 14:23","Done","1d 9h 5m","1h 44m","5h 12m","7h 9m","1d 0h 51m","2M 3w 0d 19h 23m","19h 35m","-","-","-","-","-"
"BUG-627","Bug Cliente","Orçabim - Ao sincronizar orçamento com OrçaBim está ocorrendo um erro","2025-07-29 17:37","Done","1d 13h 27m","2d 13h 28m","-","-","4h 19m","2M 2w 3d 20h 13m","6m","-","-","-","-","-"
"BUG-628","Bug Cliente","#18353 - Ao excluir usurário da erro 500 ","2025-07-29 17:46","Done","1d 3h 43m","2m","29m","13m","8h 42m","2M 3w 2d 18h 41m","1h 20m","-","-","-","-","-"
"BUG-630","Bug Cliente","#18467  - Cadastros - erro ao entrar no perfil do aluno","2025-07-31 15:19","Done","1w 0d 12h 2m","3d 11h 22m","38m","1h 14m","16h 0m","2M 1w 6d 3h 23m","4m","-","-","-","-","-"
"BUG-631","Bug QA","Orçamento - Botão de permitir insumos zerados sumiu","2025-08-01 10:51","Done","8h 36m","5h 29m","54m","24m","0m","2M 3w 1d 4h 53m","0m","-","-","1d 16h 19m","-","1h 7m"
"BUG-633","Bug Cliente","#18540 - Bases e preços - Cliente ao verificar site oficial da CAERN e entrar na composição observa que alguns itens não constam dentro da mesma","2025-08-01 16:38","Done","53m","3h 7m","1h 56m","1d 0h 19m","10h 16m","2M 3w 1d 17h 7m","3h 6m","-","-","-","-","-"
"BUG-636","Bug Cliente","#26491-Orçamento-Cliente ao tentar inserir Composição própria em orçamento ele dá erro ""erro ao criar itens""","2025-08-05 11:42","Done","6h 8m","3h 51m","5h 14m","25m","16h 0m","2M 2w 6d 19h 23m","23h 19m","-","-","-","-","21h 21m"
"BUG-637","Bug Cliente","Medição - Cliente não está conseguindo gerar relatório","2025-08-05 14:19","Done","14h 40m","10h 25m","1h 3m","2h 17m","0m","2M 2w 6d 17h 49m","0m","-","-","-","-","-"
"BUG-638","Bug Cliente","Base de Preço - Composições da SIURB Infra com valores divergentes","2025-08-05 15:08","Done","11h 50m","16m","8h 56m","0m","2d 8h 49m","2M 2w 6d 11h 23m","4m","-","-","-","-","4h 56m"
"BUG-639","Bug Cliente","Orçamento - Itens da base SICRO inseridos em itens ORSE","2025-08-05 15:59","Done","2h 33m","3h 50m","3h 18m","1d 6h 5m","16h 0m","2M 2w 6d 19h 23m","41m","-","-","12h 42m","-","0m"
"BUG-640","Bug Cliente","#18727 - Orçamento - Ao gerar o relatório ""Curva ABC de Serviços"", o relatório sai com itens duplicados","2025-08-06 12:10","Done","1d 20h 3m","9h 23m","1h 49m","4h 8m","17h 18m","2M 2w 6d 6h 16m","5h 25m","-","-","-","-","-"
"BUG-641","Bug QA","Filtro por tipo da SINAPI","2025-08-06 14:23","Done","22h 48m","0m","1h 47m","1m","19h 0m","2M 3w 0d 19h 23m","0m","-","-","-","-","-"
"BUG-642","Bug Cliente","#18772 - Composição SBC não entra no orçamento ","2025-08-06 17:47","Done","9h 18m","3h 27m","2h 25m","50m","2h 14m","2M 3w 1d 17h 9m","13m","-","-","-","-","-"
"BUG-643","Bug Cliente","#18825 - Insumo Embasa zerado ","2025-08-07 15:51","Done","14h 7m","1d 20h 46m","7m","21h 0m","1h 7m","2M 2w 5d 18h 16m","2h 8m","-","-","-","-","-"
"BUG-645","Bug Cliente","#18913 - Orçamento - erro ao ajustar preço dentro da composição ","2025-08-08 15:21","Done","20h 38m","5h 56m","41m","1m","15h 11m","2M 2w 6d 19h 23m","8h 12m","-","-","-","-","-"
"BUG-647","Bug QA","Orçamento - Botão de Minimizar Menu sobressaindo da tela","2025-08-11 09:21","Done","33m","29m","1h 0m","3h 31m","16h 0m","2M 3w 0d 19h 23m","1m","-","-","-","-","-"
"BUG-649","Bug Cliente","#18967 - Produtividade de equipe não aparece igual  no planejamento ","2025-08-11 14:27","Done","11h 36m","32m","3h 38m","4h 15m","0m","2M 2w 6d 23h 58m","18h 56m","-","-","-","-","-"
"BUG-654","Bug Cliente","#19107 - Orçamento - Cliente ao excluir o próprio orçamento não aparece a opção de restaurar","2025-08-12 17:40","Done","3h 36m","1h 32m","12m","0m","16h 0m","2M 2w 6d 19h 23m","5h 29m","-","-","-","-","-"
"BUG-655","Bug Cliente","#19122- Orçamento - Cliente ao inserir composição própria com valor em seu orçamento o preço sai zerado","2025-08-13 09:32","Done","6h 11m","38m","12m","0m","1d 5h 15m","2M 2w 6d 6h 8m","3h 41m","-","-","-","-","-"
"BUG-656","Bug Cliente","#19133 - Preço de Composições da SETOP estão errados em relação a base","2025-08-13 10:34","Done","4h 3m","23h 41m","2h 57m","0m","10h 7m","2M 2w 6d 4h 14m","4h 47m","-","-","-","-","-"
"BUG-657","Bug Cliente","#19139 - Composição SETOP entra zerado no orçamento ","2025-08-13 11:48","Done","5h 49m","11m","5h 19m","18m","16h 0m","2M 2w 6d 19h 23m","1h 34m","-","-","-","-","-"
"BUG-658","Bug Cliente","#19166 - Compras - erro 500 ao gerar relatório de comparação com Curva ABC","2025-08-13 15:10","Done","5h 53m","1d 0h 0m","4h 52m","6h 12m","0m","2M 2w 1d 16h 59m","3h 0m","-","-","-","-","2d 9h 16m"
"BUG-659","Bug Cliente","#19171 - Insumo sinapi zerado na tabela e na base com preço ","2025-08-13 16:14","Done","1h 46m","0m","5h 4m","1m","16h 24m","2M 2w 6d 19h 23m","2h 31m","-","-","-","-","-"
"BUG-660","Bug Cliente","#19210 - Diário de Obras - Ao tentar entrar em um diário de obra, a ação não é realizada e abre a página de Erro 500","2025-08-14 10:37","Done","16m","-","-","-","22h 3m","2M 2w 6d 19h 23m","3m","-","-","-","-","-"
"BUG-661","Bug Cliente","#19229-Cadastro/Administrar minha Empresa-Cliente Tem email duplicado","2025-08-14 14:30","Done","9h 18m","1m","6h 1m","40m","0m","2M 2w 6d 19h 23m","3h 30m","-","-","-","-","-"
"BUG-662","Bug QA","Orçamento - Tag só é alterado no filtro após atualizar página","2025-08-14 17:04","Done","1d 10h 30m","4h 52m","4h 13m","24m","8h 0m","2M 2w 5d 3h 23m","0m","-","-","-","-","7m"
"BUG-666","Bug Dev","Problema ao logar no OF hidraulico","2025-08-15 10:24","Done","1m","3h 47m","2h 40m","13h 58m","0m","2M 2w 6d 13h 33m","0m","-","-","-","-","-"
"BUG-667","Bug Dev","Problema com variáveis de ambiente","2025-08-15 14:51","Done","0m","20m","2h 40m","2d 13h 6m","0m","2M 2w 4d 14h 25m","0m","-","-","-","-","-"
"BUG-669","Bug QA","Orçamento - Relatório de observações não está saindo com as observações","2025-08-18 08:42","Done","3h 17m","4h 0m","1h 12m","3d 3h 55m","34m","2M 2w 3d 9h 37m","0m","-","-","-","-","-"
"BUG-671","Bug Cliente","#19349 - Ao entrar em algumas composições próprias da erro 500","2025-08-18 11:45","Done","3h 11m","1h 55m","43m","3h 11m","7h 9m","2M 2w 6d 4h 14m","1h 12m","-","-","-","-","-"
"BUG-673","Bug Cliente","#19432 - Orçamento - Cliente não conseguia fazer a compatibilização de base da SINAPI pois não carregava","2025-08-19 11:42","Done","1d 10h 34m","42m","1h 37m","1h 30m","7h 11m","2M 2w 3d 20h 12m","22h 55m","-","-","-","-","-"
"BUG-679","Bug Dev","erro na rota de formulario do hidraulico","2025-08-20 10:11","Done","0m","6h 48m","2m","23h 51m","0m","2M 2w 4d 14h 28m","0m","-","-","13h 1m","-","-"
"BUG-682","Bug Dev","Mudança do domínio do reports jasper","2025-08-21 09:41","Done","0m","13m","-","-","8h 14m","2M 2w 5d 18h 13m","0m","-","-","-","-","-"
"BUG-683","Bug QA","Orçamento - Memória de cálculo não está sendo puxada quando ela é excluída","2025-08-21 10:22","Done","13m","2d 5h 1m","26m","56m","1h 25m","2M 2w 3d 17h 59m","0m","-","-","-","-","-"
"BUG-684","Bug Cliente","#19710 - Orçamento - O valor do cronograma não bate com o valor do orçamento","2025-08-21 12:10","Done","15h 55m","16h 21m","4h 14m","3h 46m","4h 0m","2M 2w 3d 15h 23m","6h 39m","-","-","-","-","-"
"BUG-685","Bug Cliente","#19770-Orçamento-Cliente ao entrar no Orçamento fica carregando por tempo indeterminado","2025-08-21 16:36","Done","9h 17m","3m","55m","0m","2m","2M 2w 5d 9h 5m","1h 24m","-","-","-","-","-"
"BUG-687","Bug Cliente","Treinamento guiado - cadastros - erro 500 ao editar fiscal da obra","2025-08-22 09:57","Done","0m","1h 39m","-","-","11h 0m","2M 2w 5d 0h 23m","6m","-","-","-","-","-"
"BUG-689","Bug Cliente","#19792 - Orçamento - Falha no cálculo ao aplicar mão de obra desonerada no orçamento","2025-08-22 14:34","Done","3h 56m","1h 20m","4h 32m","0m","8h 0m","2M 2w 4d 11h 23m","8h 32m","-","-","-","-","42m"
"BUG-690","Bug QA","Gestão de base","2025-08-22 15:05","Done","41m","5h 28m","25m","10m","0m","2M 2w 5d 3h 23m","0m","-","-","-","-","-"
"BUG-692","Bug Cliente","#27709 - Ao gerar relatorio de curva abc de insumos o valor não bate com o valor final do orçamento ","2025-08-25 09:12","Done","8h 3m","5h 25m","18m","24m","21h 25m","2M 2w 3d 21h 34m","1h 1m","-","-","-","-","-"
"BUG-693","Bug QA","Orçamento - Ajustes no botão de filtro do orçamento","2025-08-25 09:39","Done","1d 16h 21m","46m","-","-","29m","2M 2w 3d 10h 54m","4h 0m","-","-","-","-","-"
"BUG-694","Bug Backoffice","Modal com Preço defasado e Erros de Portugues ","2025-08-25 11:14","Done","0m","2h 5m","1h 3m","0m","36m","2M 2w 5d 3h 23m","1m","-","-","-","-","-"
"BUG-697","Bug Cliente","#19901 - Base de Preço - erro ao passar as paginas na busca por composições próprias ","2025-08-25 11:42","Done","4h 0m","0m","1h 19m","56m","8h 0m","2M 2w 4d 11h 23m","18m","-","-","-","-","-"
"BUG-698","Bug Cliente","Base de Preço - Composição da SBC com preço divergente","2025-08-25 14:25","Done","3h 34m","1h 1m","2h 7m","7m","23h 11m","2M 2w 3d 20h 12m","0m","-","-","-","-","-"
"BUG-699","Bug Dev","Erro na função de send_email","2025-08-25 14:29","Done","40m","1m","-","-","1d 5h 52m","2M 2w 3d 21h 31m","0m","-","-","-","-","-"
"BUG-700","Bug Cliente","#19919 - Relatório de observações não salva a alteração feita em editar observações","2025-08-25 15:19","Done","1d 4h 13m","0m","0m","5h 12m","34m","2M 2w 3d 9h 37m","10h 28m","-","-","-","-","-"
"BUG-701","Bug Cliente","#19948 - Orçamento - Cliente não consegue ajustar valor do orçamento","2025-08-25 16:52","Done","1d 14h 34m","0m","57m","1h 33m","14h 30m","2M 2w 2d 19h 49m","1h 8m","-","-","-","-","-"
"BUG-704","Bug QA","Base de Preço - Ajustes no relatórios de baixar composições na lista de composições","2025-08-26 10:10","Done","19m","4h 47m","1h 13m","10m","4h 58m","2M 2w 4d 14h 25m","1m","-","-","-","-","-"
"BUG-706","Bug Cliente","200017 - Orçamento - Cliente não consegue adicionar quantitativos nas etapas de seu orçamento","2025-08-26 14:22","Done","2h 3m","1m","30m","0m","5h 55m","2M 2w 4d 14h 25m","7m","-","-","-","-","-"
"BUG-707","Bug Cliente","#20013 - No orçaprime ao buscar a base SEDOP na data 02/25 vem tudo em branco ","2025-08-26 14:36","Done","2h 38m","2h 41m","2h 45m","4h 33m","12h 23m","2M 2w 3d 21h 35m","11m","-","-","-","-","-"
"BUG-717","Bug Cliente","#20196 - Orçamento novo - erro 500 ao ajustar valor do orçamento","2025-08-28 11:14","Done","16h 27m","42m","1h 11m","1h 42m","7h 7m","2M 2w 3d 3h 3m","2h 56m","-","-","-","-","-"
"BUG-718","Bug Cliente","#20178 - Bancos - Diversos erros na base SETOP","2025-08-28 11:53","Done","14h 28m","0m","1h 23m","2d 13h 8m","0m","2M 2w 0d 19h 23m","8h 6m","-","-","-","-","-"
"BUG-719","Bug Cliente","#20276 - Orçamento - Cliente relatou que orçamento não carrega","2025-08-29 14:49","Done","7h 51m","30m","2h 23m","31m","17m","2M 2w 3d 3h 6m","19m","-","-","-","-","-"
"BUG-720","Bug Cliente","#20327 - Orçamento - Ao realizar Ajuste de Valor do Orçamento adicionando um percentual para desconto, o valor da porcentagem muda","2025-09-01 12:01","Done","12h 33m","2d 16h 24m","1h 56m","1h 2m","1d 0h 0m","2M 1w 6d 3h 23m","3h 55m","-","-","-","-","-"
"BUG-721","Bug Cliente","Erro na unidade de medida de uma composição ""NULL""","2025-09-01 14:02","Done","35m","3m","-","-","3h 19m","2M 2w 3d 11h 23m","0m","-","-","-","-","-"
"BUG-722","Bug QA","Base de Preço - Composições da SETOP com valor estão zerados ","2025-09-01 14:19","Done","11h 13m","-","5m","0m","14m","2M 2w 3d 3h 31m","0m","-","-","-","-","-"
"BUG-723","Bug Cliente","#20344 - Composição própria com divergência de data ","2025-09-01 17:40","Done","5h 20m","1h 47m","45m","0m","1m","2M 2w 3d 3h 31m","19m","-","-","-","-","-"
"BUG-724","Bug Cliente","#20448 - Orçamento - Ao extrair o relatório Sintético no Relatório V2, a planilha não está informando quais itens tem BDI Diferenciado","2025-09-03 10:20","Done","12h 19m","1d 3h 42m","-","-","8h 0m","2M 2w 0d 19h 23m","3h 59m","-","-","-","-","-"
"BUG-725","Bug Cliente","Composição EMOP não bate o valor  ","2025-09-03 10:27","Done","1d 3h 42m","1d 11h 2m","12h 31m","8h 15m","2h 59m","2M 1w 6d 3h 6m","5h 55m","-","-","0m","-","12m"
"BUG-726","Bug Cliente","#20476 - Orçamento -  Relatórios Curva ABC de Insumos e Analítico não aparecem o valor do BDI","2025-09-03 12:09","Done","10h 37m","11m","14m","0m","1d 8h 0m","2M 2w 0d 19h 23m","6h 33m","-","-","-","-","-"
"BUG-727","Bug Cliente","'+55 21 98331-8895 - Orçamento -  erro ao gerar relatórios ","2025-09-03 15:16","Done","3h 34m","7h 20m","33m","0m","0m","2M 2w 2d 9h 56m","43m","-","-","-","-","-"
"BUG-730","Bug Cliente","#20549 - Ao tentar editar o Bdi do orçamento ele não aparece ","2025-09-04 10:55","Done","4h 10m","12m","3h 17m","1h 5m","41m","2M 2w 2d 1h 58m","6h 4m","-","-","-","-","-"
"BUG-731","Bug Cliente","#20536 - Valores da composição próprias  não sincronizam dentro do orçamento ","2025-09-04 11:04","Done","5h 7m","1h 22m","36m","0m","15h 53m","2M 2w 1d 12h 40m","5h 40m","-","-","-","-","-"
"BUG-734","Bug Cliente","#20593 - Orçamento - Erro para carregar o orçamento ","2025-09-04 16:46","Done","1h 54m","4h 33m","1h 1m","0m","1d 8h 45m","2M 2w 0d 19h 23m","1h 0m","-","-","-","-","-"
"BUG-737","Bug Cliente","#20615 - Orçamento - Relatório saindo com valor de equipamento","2025-09-05 10:47","Done","15h 59m","18h 0m","0m","0m","2d 17h 46m","2M 1w 5d 1h 37m","43m","-","-","-","-","-"
"BUG-738","Bug Backoffice","Retirada de banner do sistema ","2025-09-05 11:00","Done","0m","2m","3h 36m","0m","14h 49m","2M 2w 1d 12h 34m","2h 22m","-","-","-","-","-"
"BUG-742","Bug Cliente","#28522 - Bases - Valor de consumo da composição esta zerado ","2025-09-08 10:49","Done","2h 44m","2m","4h 41m","19h 11m","0m","2M 2w 0d 19h 23m","55m","-","-","-","-","1h 37m"
"BUG-744","Bug Cliente","#20691 - Cliente não consegue editar descrição das composições  da erro 500","2025-09-08 14:12","Done","1h 10m","39m","1h 26m","2h 3m","16h 0m","2M 2w 0d 19h 23m","3h 47m","-","-","-","-","-"
"BUG-746","Bug Cliente","#20774 - Cliente após criar orçamento e abrir o cronograma o mesmo carrega infinitamente ","2025-09-09 11:08","Done","4h 21m","2h 48m","6h 7m","17h 52m","6h 12m","2M 1w 5d 3h 23m","2d 0h 31m","-","-","-","-","-"
"BUG-751","Bug Dev","Erro ao realizar busca de composições","2025-09-10 10:12","Done","0m","1d 7h 47m","2h 3m","4h 17m","3d 10h 35m","2M 1w 2d 10h 36m","0m","-","-","-","-","-"
"BUG-752","Bug Cliente","#28688 - Orçamento - erro ao mover orçamento para pasta","2025-09-10 11:32","Done","28m","-","-","-","57m","2M 2w 1d 3h 23m","4h 2m","-","-","-","-","-"
"BUG-754","Bug Cliente","#20865 - Ao tentar inserir um insumo da SETOP em uma composição própria, a ação não era concretizada.","2025-09-10 12:24","Done","2h 23m","21h 46m","13h 49m","0m","1h 40m","2M 1w 5d 1h 43m","2h 37m","-","-","9h 4m","-","9h 51m"
"BUG-756","Bug Cliente","#20906 - Orçamentos - Erro ao adicionar SICRO 2 em versão antiga. ","2025-09-10 17:08","Done","37m","0m","3h 48m","42m","1d 8h 43m","2M 1w 5d 18h 40m","14m","-","-","-","-","-"
"BUG-758","Bug Backoffice","Erro na tela de cadastro de notas fiscais ","2025-09-11 10:46","Done","6h 53m","13h 23m","-","-","2d 0h 9m","2M 1w 2d 11h 14m","3m","-","-","-","-","-"
"BUG-759","Bug QA","ENVIAR ARQUIVOS DO ORÇAFASCIO PARA O OF CDE","2025-09-11 11:34","Done","4h 28m","1w 4d 1h 42m","-","6h 13m","2d 8h 0m","1M 4w 2d 19h 25m","0m","16h 5m","-","-","-","-"
"BUG-760","Bug Cliente","#20933 - Ao zerar um insumo próprio dentro de uma composição do seu banco próprio e realizar a sincronização com a base, a mesma composição não é atualizada em um orçamento ","2025-09-11 14:21","Done","16h 31m","15m","22m","1d 0h 18m","1d 8h 0m","2M 1w 4d 19h 23m","2h 12m","-","-","-","-","-"
"BUG-762","Bug Cliente","#21002 - Bases - Erro ao Exportar Composições da IOPES","2025-09-12 08:35","Done","12h 21m","-","17m","36m","1d 0h 0m","2M 1w 6d 3h 23m","2h 45m","-","-","-","-","-"
"BUG-765","Bug Cliente","#28900 - Orçamento - Ao gerar relatório de Orçamento Analítico, o mesmo da erro ao ser exportado","2025-09-15 08:32","Done","3h 31m","-","2h 51m","1d 0h 28m","0m","2M 1w 6d 3h 23m","38m","-","-","-","-","-"
"BUG-766","Bug Cliente","#21094 - Orçamentos não carregam, e quando vai pela lista de composição de erro ao carregar orçamento ","2025-09-15 09:33","Done","0m","1m","1h 19m","0m","1d 3h 52m","2M 1w 6d 3h 23m","14m","-","-","-","-","-"
"BUG-767","Bug Cliente","#21104 - Orçamento - Ao tentar exportar o relatório de Composições Analíticas no orçamento, a ação não é realizada pois gera erro ","2025-09-15 09:52","Done","-","-","2h 52m","1d 0h 27m","8m","2M 1w 6d 3h 15m","2h 49m","-","-","-","-","-"
"BUG-771","Bug Cliente","#21192 - Bases - valores diferentes em composição da siurb","2025-09-15 17:58","Done","23h 11m","1m","2h 1m","5h 48m","14h 12m","2M 1w 4d 19h 23m","10h 48m","-","-","-","-","-"
"BUG-774","Bug QA","Base de Preço - Composição está com valor de consumo divergente da base oficial","2025-09-16 11:04","Done","7h 24m","0m","1h 20m","0m","13h 18m","2M 1w 6d 3h 16m","0m","-","-","-","-","-"
"BUG-779","Bug Dev","bug de sincronização de ambientes de desenvolvimento","2025-09-18 09:56","Done","0m","59m","2h 16m","-","3h 55m","2M 1w 6d 3h 16m","0m","-","-","-","-","-"
"BUG-780","Bug Cliente","#21372  - Erro ao sincronizar com a base própria ","2025-09-18 11:15","Done","2h 12m","22h 51m","1h 49m","1h 17m","3d 17h 26m","2M 1w 0d 17h 57m","5h 39m","-","-","4h 15m","-","-"
"BUG-782","Bug Cliente","Orçamento - Erro ao abrir orçamentos","2025-09-18 11:24","Done","13m","-","-","-","8h 39m","2M 1w 5d 18h 44m","0m","-","-","-","-","-"
"BUG-783","Bug Cliente","#21419 0 Orçamento - Usuário relatou que não está conseguindo gerar relatório","2025-09-18 15:11","Done","24m","0m","-","0m","0m","2M 1w 6d 3h 23m","1m","-","-","-","-","-"
"BUG-786","Bug Cliente","#21461 - Orçamentos - Cliente não consegue excluir Tags","2025-09-19 09:10","Done","1h 39m","1m","2h 57m","12h 12m","6h 45m","2M 1w 5d 3h 23m","15m","-","-","-","-","-"
"BUG-787","Bug QA","Orçamento - Botão ativo ao gerar o relatório de Composições Analíticas com Preço Unitário","2025-09-19 09:37","Done","28m","1h 12m","2h 13m","3h 23m","40m","2M 1w 5d 18h 43m","0m","-","-","-","-","-"
"BUG-788","Bug QA","Orçamento - Erro ao adicionar itens no orçamento","2025-09-19 17:57","Done","3h 25m","1h 19m","46m","2h 25m","1h 50m","2M 1w 5d 9h 33m","0m","-","-","-","-","-"
"BUG-790","Bug Cliente","#21559 -  Orçamento - Erro 500 ao aplicar ajuste de valor no orçamento","2025-09-22 11:59","Done","23m","1h 7m","32m","53m","1h 50m","2M 1w 5d 9h 33m","19m","-","-","-","-","-"
"BUG-792","Bug Cliente","#21587- Insumo de 2016 subiu com a data de 04/2025 sendo que não tem na tabela atual","2025-09-22 17:31","Done","4h 16m","5m","17m","1h 31m","35m","2M 1w 5d 3h 23m","1h 44m","-","-","-","-","-"
"BUG-794","Bug Cliente","Erro no modal da home ","2025-09-23 09:21","Done","0m","0m","5h 7m","3h 44m","19m","2M 1w 5d 1h 37m","14m","-","-","-","-","-"
"BUG-795","Bug Cliente","#21648 - Bases - Erro ao adicionar insumo da sbc em composição própria ","2025-09-23 11:33","Done","1h 33m","1h 10m","3h 26m","0m","1h 51m","2M 1w 4d 19h 23m","5h 26m","-","-","-","-","-"
"BUG-796","Bug Cliente","#29449 - Algumas composições da Agetop Rodoviária estavam com a descrição incompletas","2025-09-23 11:48","Done","8m","21m","47m","0m","1m","2M 1w 5d 2h 6m","5h 11m","-","-","-","-","-"
"BUG-798","Bug Backoffice","Cadastro - Erro 500 após finalizar cadastro de conta lead","2025-09-23 14:43","Done","1d 8h 27m","0m","1h 49m","0m","1d 8h 9m","2M 1w 2d 11h 14m","1m","-","-","-","-","-"
"BUG-800","Bug Dev","NoMethodError: undefined method `[]' for nil:NilClass","2025-09-24 10:48","Done","12h 2m","42m","1h 16m","3h 44m","1d 8h 10m","2M 1w 2d 11h 13m","2m","-","-","2h 7m","-","-"
"BUG-801","Bug Dev","StandardError: Bad Request: 400 Bad Request","2025-09-24 10:49","Done","1d 22h 52m","-","25m","0m","15h 2m","2M 1w 2d 11h 14m","2m","-","-","-","-","-"
"BUG-802","Bug Dev","NoMethodError: undefined method `id' for nil:NilClass","2025-09-24 10:49","Done","2h 36m","1h 46m","-","-","0m","2M 1w 4d 19h 23m","1m","-","-","-","-","-"
"BUG-804","Bug Cliente","#21730 - Ao gerar o relatório do trasferegov o mesmo da erro, mesmo o trasferegov ativo ","2025-09-24 11:56","Done","2h 58m","5h 30m","-","-","1d 10h 20m","2M 1w 2d 17h 3m","3h 22m","-","-","-","-","-"
"BUG-806","Bug Cliente","#21828 - Orçamento - Fórmulas da memória de calculo sumiram, porém os valores permaneceram","2025-09-25 16:10","Done","16h 52m","1h 7m","5h 26m","36m","1d 0h 9m","2M 1w 2d 11h 14m","1h 49m","-","-","-","-","-"
"BUG-808","Bug Cliente","#21871 - Bases - Erro 500 ao tentar abrir composições da SBC e SETOP","2025-09-26 09:37","Done","3h 41m","2m","1h 1m","1m","1d 12h 56m","2M 1w 2d 17h 2m","2m","-","-","-","-","-"
"BUG-809","Bug QA","Bases - Composicoes da FDE desorganizadas","2025-09-26 09:57","Done","9h 36m","1m","1h 36m","13m","1d 8h 10m","2M 1w 2d 11h 13m","1h 27m","-","-","-","-","-"
"BUG-810","Bug Cliente","#21823 - Cadastros - Erro no carregamento ao passar de pagina","2025-09-26 10:01","Done","9h 6m","2h 34m","4h 9m","1h 47m","2d 9h 28m","2M 1w 0d 17h 56m","20m","-","-","-","-","-"
"BUG-812","Bug Cliente","#21909 -Diario de Obras-Cliente ao entrar no App de Diario de obras, ocorre erro ao selecionar qualquer obra","2025-09-26 14:40","Done","7h 44m","2d 18h 47m","-","-","8h 0m","2M 1w 0d 11h 23m","3h 36m","-","-","-","-","-"
"BUG-813","Bug QA","Orçamento - Sobreposição de Etapa minimizada","2025-09-26 15:44","Done","3h 21m","1h 11m","37m","4h 23m","3d 1h 30m","2M 1w 0d 17h 53m","10m","-","-","-","-","-"
"BUG-816","Bug Cliente","#21962 - Orçamento - erro ao apagar tags","2025-09-29 09:02","Done","22m","0m","1h 13m","38m","3d 1h 30m","2M 1w 0d 17h 53m","2h 36m","-","-","-","-","-"
"BUG-820","Bug Cliente","#22080 - Orçamento - Cliente ao tentar gerar relatório de Curva ABC de insumos, a pagina fecha e dá erro","2025-09-30 14:27","Done","2h 12m","0m","3h 21m","0m","1w 3d 3h 9m","1M 4w 2d 19h 23m","10h 2m","-","-","-","-","-"
"BUG-821","Bug Backoffice","Duplicação de Financeiro","2025-09-30 16:31","Done","14h 58m","2h 31m","-","-","8h 11m","2M 1w 2d 11h 12m","0m","-","-","-","-","-"
"BUG-824","Bug QA","Base de Preço - Erro ao adicionar Composição Auxiliar/Insumo em uma Composição na base própria","2025-10-02 08:25","Done","0m","2m","6h 23m","1d 8h 6m","17h 31m","2M 1w 0d 17h 52m","0m","-","-","-","-","-"
"BUG-825","Bug Cliente","'+55 88 9659-5319 - Orçamento - Erro 500 ao abrir composição própria na Gestão de Base Própria","2025-10-02 08:28","Done","8m","11h 18m","18h 14m","1h 3m","9h 32m","2M 0w 6d 1h 51m","0m","-","-","1d 18h 51m","-","4m"
"BUG-826","Bug QA","Tela com opacidade do banner ao abrir o sistema","2025-10-02 08:38","Done","12m","15m","5h 59m","30m","8h 11m","2M 1w 2d 11h 12m","0m","-","-","-","-","-"
"BUG-827","Bug QA","Orçamento - Composição sendo adicionada dentro dela própria ocasionando recursividade","2025-10-02 10:56","Done","22h 3m","16h 0m","4h 1m","39m","1h 33m","2M 1w 0d 17h 50m","0m","-","-","-","-","-"
"BUG-829","Bug Cliente","#22310 - Orçamento - Após colocar um orçamento com ""Concluído"", cliente não consegue mais acessá-lo e é deslogado","2025-10-02 12:07","Done","15h 23m","5h 54m","1h 24m","11h 0m","15h 16m","2M 1w 0d 17h 49m","5h 37m","-","-","-","-","-"
"BUG-830","Bug Cliente","#22319 - Bases  - composições da SICRO puxando o tipo errado na base","2025-10-02 15:28","Done","23m","19m","7h 29m","30m","1d 17h 19m","2M 1w 0d 18h 4m","27m","-","-","-","-","-"
"BUG-832","Bug Cliente","#22457 - Orçamento - erro ao gerar relatório resumo","2025-10-06 11:22","Done","3m","1h 52m","1h 4m","15h 19m","1d 13h 49m","2M 0w 6d 19h 15m","4h 38m","-","-","-","-","-"
"BUG-833","Bug Cliente","#22513 - Orçamento - Cliente ao tentar importar orçamento para outro usuário, a memoria de calculo some","2025-10-07 10:12","Done","1d 18h 55m","3h 29m","7h 11m","53m","23h 43m","2M 0w 4d 11h 36m","1d 8h 23m","-","-","-","-","-"
"BUG-838","Bug Cliente","#30380 - Ao inserir um insumo em uma composição própria, o mesmo não é localizado","2025-10-08 10:42","Done","2h 3m","0m","13h 9m","2h 55m","1d 15h 17m","2M 0w 6d 1h 50m","4h 16m","-","-","-","-","2h 11m"
"BUG-839","Bug Cliente","#30392 - Cliente não consegue acessar seu orçamento pois o mesmo não efetua o carregamento","2025-10-08 10:59","Done","3h 9m","10m","5h 48m","2h 9m","8h 48m","2M 1w 0d 18h 6m","3h 15m","-","-","-","-","-"
"BUG-844","Bug Cliente","#22798 - Diário de obras - Erro ao adicionar imagem no diário de obras","2025-10-10 10:34","Done","1h 2m","5h 6m","0m","-","1d 0h 0m","2M 0w 6d 19h 23m","17m","-","-","-","-","-"
"BUG-845","Bug Cliente","#22811 - Bases e preços - Cliente relata que preços da Base CDHU nos valores ""Com desoneração"" não estão condizentes com a base oficial","2025-10-10 11:01","Done","1h 21m","2h 39m","9h 13m","1h 56m","0m","2M 1w 0d 3h 23m","5h 59m","-","-","-","-","51m"
"BUG-849","Bug Cliente","#22853 - Medição - Erro ao criar uma Medição","2025-10-10 16:56","Done","5h 48m","10h 5m","2h 39m","11h 15m","9h 25m","2M 0w 6d 1h 58m","3h 16m","-","-","-","-","-"
"BUG-850","Bug QA","Diário de Obras - Erro 500 ao tentar adicionar uma imagem","2025-10-13 08:41","Done","7h 8m","0m","-","-","8h 0m","2M 0w 6d 19h 23m","11m","-","-","-","-","-"
"BUG-851","Bug Backoffice","Problemas com estatísticas do RD station","2025-10-13 09:36","Done","14h 23m","13h 44m","-","-","1d 0h 54m","2M 0w 5d 10h 29m","1m","-","-","2h 16m","-","-"
"BUG-855","Bug QA","Base de Preço - Composições da SINAPI sem a tipificação aparecendo na busca","2025-10-15 10:08","Done","13h 32m","11h 22m","1h 15m","0m","5h 7m","3w 1d 6h 16m","0m","1M 2w 0d 8h 50m","-","-","-","-"
"BUG-858","Bug QA","Orçamento - Composição com preço divergente da base","2025-10-16 10:15","Done","1h 5m","0m","4h 42m","44m","9h 24m","2M 0w 6d 1h 59m","1m","-","-","-","-","-"
"BUG-859","Bug QA","Lista de Orçamento - Aviso de permissão não aparece","2025-10-16 11:54","Done","2h 14m","1h 25m","1h 14m","12m","8h 32m","2M 0w 6d 2h 51m","0m","-","-","-","-","-"
"BUG-861","Bug QA","Gestão de base própria - Cálculo de itens carregando infinitamente","2025-10-17 08:45","Done","23m","3h 47m","1h 31m","2h 19m","31m","2M 0w 6d 2h 52m","0m","-","-","-","-","-"
"BUG-862","Bug QA","Lista de Orçamento - Ajuste da palavra cancelar na lista de orçamento","2025-10-17 08:54","Done","10h 42m","1h 48m","1h 32m","1h 19m","8h 0m","2M 0w 5d 11h 23m","0m","-","-","-","-","-"
"BUG-863","Bug QA","Base de Preço - Composições auxiliares da CAEMA","2025-10-17 09:05","Done","13h 16m","12m","1h 3m","1h 23m","1d 7h 48m","2M 0w 4d 11h 35m","1m","-","-","-","-","-"
"BUG-864","Bug QA","Orçamento - Tela de bancos travada","2025-10-17 09:16","Done","56m","12m","43m","5h 52m","30m","2M 0w 6d 2h 53m","0m","-","-","-","-","-"
"BUG-867","Bug Cliente","#23274 - Composições da FDE estão ficando com a tag Divergência de Data, mesmo as composições existindo na data indicada","2025-10-20 12:03","Done","4m","0m","1h 9m","1h 27m","23h 44m","2M 0w 4d 11h 35m","9h 24m","-","-","-","-","-"
"BUG-869","Bug Dev","Bug ao enviar para CSM ","2025-10-20 16:14","Done","1d 15h 11m","1h 34m","-","-","1d 2h 17m","2M 0w 2d 17h 6m","9h 1m","-","-","-","-","-"
"BUG-870","Bug Cliente","#23328 - Orçamento - Cliente não consegue aplicar desconto em ""valores Absolutos""","2025-10-21 09:20","Done","1d 8h 13m","4h 20m","2h 54m","33m","1w 2d 2h 34m","1M 3w 4d 8h 49m","15h 40m","-","-","-","-","-"
"BUG-872","Bug Cliente","#23402 - Bases de Preço - Ao copiar uma composição da SETOP e mudar o consumo de serviço ele zera ","2025-10-21 16:42","Done","2h 21m","2h 45m","47m","24m","15h 49m","2M 0w 4d 11h 34m","39m","-","-","-","-","-"
"BUG-873","Bug Cliente","#31221 - Ao tentar trazer e sincronizar o cadernos técnicos no orçamento, nenhum caderno estava sendo sincronizado com as composição estava","2025-10-22 12:04","Done","5h 25m","7h 16m","6h 25m","14m","1d 9h 55m","2M 0w 2d 17h 28m","6h 18m","-","-","2h 1m","-","12m"
"BUG-875","Bug Cliente","#31242 - Composição própria está arredondada dentro do orçamento mesmo com método de arredondamento escolhido ser ""Truncar em 2 casas decimais""","2025-10-22 16:05","Done","4h 53m","0m","1h 2m","0m","4d 8h 8m","1M 4w 2d 19h 23m","19h 51m","-","-","-","-","-"
"BUG-876","Bug QA","Grupo de Insumos - Botão de salvar disponível para clique","2025-10-23 11:57","Done","3h 6m","56m","52m","9m","5h 28m","2M 0w 4d 13h 55m","0m","-","-","-","-","-"
"BUG-879","Bug Cliente","#23592 - Ao buscar uma composição com uma data no orçamento sendo outra a composição ele não busca","2025-10-23 16:40","Done","7h 17m","2h 45m","4h 7m","1h 28m","1d 10h 16m","2M 0w 2d 17h 7m","1h 20m","-","-","-","-","-"
"BUG-881","Bug Cliente","#23600 - Orçamento - Composição própria está com tag de divergência de data dentro do orçamento","2025-10-23 17:24","Done","8h 27m","21m","3h 23m","0m","18h 12m","2M 0w 2d 17h 12m","17h 15m","-","-","-","-","-"
"BUG-883","Bug Dev","Problema ao gerar relatório de marketing","2025-10-24 09:34","Done","0m","5m","-","0m","1d 17h 57m","2M 0w 2d 17h 26m","0m","-","-","-","-","-"
"BUG-886","Bug QA","Lista de Orçamento - Busca de páginas somente na parte superior","2025-10-28 09:35","Done","2h 55m","20m","3h 30m","35m","18h 16m","2M 0w 2d 17h 7m","5h 4m","-","-","-","-","-"
"BUG-887","Bug Cliente","#23817 - Orçamento - Valor de equipamento não aparece no relatório de curva abc de insumos. ","2025-10-28 10:52","Done","2h 20m","1h 43m","17m","0m","9h 38m","2M 0w 2d 17h 46m","14h 7m","-","-","-","-","-"
"BUG-889","Bug Cliente","Orçamento - Erro no cálculo de composição da ORSE","2025-10-28 17:47","Done","25m","9h 36m","3h 8m","0m","14h 22m","2M 0w 2d 13h 1m","0m","-","-","-","-","-"
"BUG-892","Bug Cliente","Orçamento - Enviar cópia de orçamento para outro usuário não envia memória de cálculo","2025-10-29 16:34","Done","1h 22m","3m","3h 17m","18m","1h 15m","2M 0w 2d 18h 8m","0m","-","-","6h 32m","-","0m"
"BUG-893","Bug Cliente","#23959 - Bases e preços - Insumos da SINAPI e SBC estão com valores unitários e coeficientes e constam como zerado no total","2025-10-29 17:03","Done","45m","35m","5h 59m","16h 41m","1w 0d 18h 35m","1M 3w 4d 8h 48m","8h 57m","-","-","-","-","-"
"BUG-894","Bug Cliente","Orçamento - Sincronização com base própria não puxa código da base","2025-10-29 17:04","Done","55m","31m","4h 41m","2h 47m","8h 14m","2M 0w 2d 19h 10m","0m","-","-","-","-","-"
"BUG-895","Bug QA","Lista de Orçamento/Composições - Erro 502 ao tentar navegar em ambas telas","2025-10-30 10:22","Done","13m","3h 17m","19m","1d 2h 49m","2d 8h 20m","1M 4w 2d 19h 3m","1m","-","-","-","-","-"
"BUG-896","Bug Cliente"," #31764 - Bases de Preço - Quando importada a composição, a coluna modelo esta importando incorretamente. ","2025-10-30 11:06","Done","17h 47m","9h 55m","7h 26m","1d 8h 0m","8h 0m","1M 4w 2d 19h 23m","5h 53m","-","-","0m","-","0m"
"BUG-899","Bug Cliente","#24058 - Diario de obras - No aplicativo não é possível aplicar observações","2025-10-30 16:58","Done","2h 10m","1d 21h 50m","-","-","5d 12h 19m","1M 3w 5d 15h 4m","1h 2m","-","-","-","-","-"
"BUG-901","Bug QA","Base de Preço - Ferramenta de editar valor dos insumos de um estado está com lentidão","2025-10-30 17:32","Done","4d 5h 24m","1d 17h 31m","8m","0m","1d 8h 57m","1M 3w 5d 18h 26m","17m","-","-","-","-","-"
"BUG-903","Bug QA","Orçamento - Ordem dos itens no orçamento não segue a data do orçamento","2025-11-03 08:51","Done","11h 52m","2d 9h 41m","3h 45m","0m","2d 18h 39m","1M 3w 4d 8h 44m","0m","10h 30m","-","1d 21h 9m","-","41m"
"BUG-904","Bug QA","Marketing - Campanha para conta grátis não funciona","2025-11-03 10:39","Done","40m","0m","1h 26m","2h 2m","2d 16h 6m","1M 4w 2d 19h 17m","0m","-","-","-","-","-"
"BUG-905","Bug QA","Orçamento - Itemização não segue ordem definida","2025-11-03 17:18","Done","5h 47m","1h 28m","12m","1h 6m","2d 8h 20m","1M 4w 2d 19h 3m","5m","-","-","-","-","-"
"BUG-906","Bug Cliente","Cliente precisou apagar um insumo e precisa do backup do dia 30/10/2015","2025-11-03 17:28","Done","9h 38m","1d 7h 11m","4h 26m","2h 45m","6m","1M 4w 2d 19h 18m","16h 31m","-","-","-","-","-"
"BUG-907","Bug Cliente","#24323 - Bases - valor da CAERN diferente da base oficial ","2025-11-04 15:31","Done","0m","2d 18h 32m","5h 25m","1d 8h 4m","1d 16h 58m","1M 3w 5d 18h 25m","10h 29m","-","-","-","-","-"
"BUG-908","Bug QA","Base de Preço - Composições Auxiliares da CAERN não abrem","2025-11-05 10:34","Done","6h 49m","11m","6h 3m","5m","1d 16h 5m","1M 4w 2d 19h 18m","1m","-","-","-","-","-"
"BUG-909","Bug Cliente","55 11 95840-7300 - Bases de preço - Valores com desoneração das composições da versão 197 de 04/2025 da CDHU na orçafascio estão diferentes da base","2025-11-05 10:51","Done","24m","10h 25m","4h 57m","12h 37m","19h 42m","1M 4w 2d 19h 19m","6h 8m","-","-","-","-","-"
"BUG-911","Bug QA","Cadastro/Administrar Empresa - Tela de login não está responsiva para telas menores","2025-11-05 15:16","Done","2d 7h 35m","3d 1h 21m","55m","49m","16h 58m","1M 3w 5d 18h 25m","0m","-","-","-","-","-"
"BUG-913","Bug Backoffice","Tempo de liberação pós pagamento ","2025-11-05 17:04","Done","0m","5d 16h 0m","-","-","8h 48m","1M 3w 5d 18h 35m","56m","-","-","-","-","-"
"BUG-914","Bug Backoffice","Bug no tempo de compra / licença ","2025-11-05 17:06","Done","-","-","-","-","2d 0h 4m","1M 4w 2d 19h 19m","54m","-","-","-","-","-"
"BUG-915","Bug QA","Orçamento - Importação de planilha de orçamento ","2025-11-05 17:48","Done","22h 24m","51m","3h 37m","3m","16h 3m","1M 4w 2d 19h 20m","0m","-","-","-","-","-"
"BUG-919","Bug Cliente","#24640-Orçamento-Cliente ao tentar colocar composição em outra versão, o sistema não faz a substituição","2025-11-10 11:54","Done","10h 47m","5h 41m","3h 27m","1h 22m","1d 6h 16m","1M 4w 0d 21h 7m","22h 18m","-","-","-","-","-"
"BUG-920","Bug Backoffice","Bug na adição número de usuários - OF Medição ","2025-11-11 10:10","Done","0m","2h 11m","-","-","4m","2M 0w 0d 11h 19m","1h 36m","-","-","-","-","-"
"BUG-923","Bug QA","Base de Preço - Erro 500 ao tentar copiar composição","2025-11-12 08:28","Done","14m","1m","7h 37m","1d 0h 9m","1d 2h 1m","1M 4w 1d 1h 22m","0m","-","-","-","-","-"
"BUG-924","Bug QA","Administrar Empresa - Permissões dos plugins foram resetadas","2025-11-12 09:03","Done","10m","0m","7h 46m","1d 0h 0m","1d 2h 1m","1M 4w 1d 1h 22m","0m","-","-","-","-","-"
"BUG-925","Bug QA","Administrar/Cadastrar Empresa - Usuários com a licença dos plugin","2025-11-12 10:51","Done","20m","0m","0m","0m","8h 3m","1M 4w 2d 19h 20m","0m","-","-","-","-","-"
"BUG-926","Bug Dev","Correção no retorno do endpoint de integração dos plugins, relacionado ao gerador de builds de versões","2025-11-12 10:54","Done","-","5m","-","-","8h 2m","1M 4w 2d 19h 21m","0m","-","-","-","-","-"
"BUG-928","Bug QA","Arquivos Públicos - Erro 500 ao tentar acessar arquivo público","2025-11-12 16:22","Done","1m","17m","1h 19m","0m","8h 2m","1M 4w 2d 19h 21m","0m","-","-","-","-","-"
"BUG-929","Bug Backoffice","Problema ao enviar lead do SDR para rodizio de venda","2025-11-12 16:30","Done","-","3m","-","0m","8h 1m","1M 4w 2d 19h 22m","0m","-","-","-","-","-"
"BUG-931","Bug Dev","Remover a verificação dos métodos do Maurício que influenciam nos plugins","2025-11-13 08:17","Done","-","2d 21h 41m","-","-","2m","1M 4w 0d 5h 40m","0m","-","-","-","-","-"
"BUG-932","Bug QA","Arquivos Públicos - Alteração das informações da empresa","2025-11-13 11:24","Done","36m","0m","2h 41m","2h 19m","5m","1M 4w 2d 19h 18m","0m","-","-","-","-","-"
"BUG-933","Bug Dev","Bug em funções sendo chamadas sem referência","2025-11-13 17:04","Done","1m","3m","-","-","19m","1M 4w 2d 19h 4m","0m","-","-","-","-","-"
"BUG-934","Bug QA","Orçamento - Cursor do mouse em formato de texto","2025-11-14 09:15","Done","4h 36m","45m","53m","2h 48m","1d 2h 1m","1M 4w 1d 1h 22m","0m","-","-","3h 12m","-","-"
"BUG-938","Bug Cliente"," #25145 - Bases e preços - Cliente relata erro nas descrições da base DER-PR","2025-11-14 14:58","Done","14m","2h 58m","1h 2m","1h 46m","3d 8h 48m","1M 3w 5d 18h 35m","5h 2m","-","-","-","-","-"
"BUG-939","Bug Cliente","#25183 - Erro 500 ao gerar relatório do cronograma em planejamento  ","2025-11-17 08:23","Done","6h 26m","0m","6h 34m","4h 26m","0m","1M 4w 1d 16h 23m","1h 11m","-","-","-","-","-"
"BUG-940","Bug Cliente","#25192  - Erro 500 ao bloquear e finalizar um orçamento na versão antiga","2025-11-17 10:35","Done","48m","43m","4h 49m","1h 27m","17h 25m","1M 4w 1d 1h 58m","5h 25m","-","-","-","-","-"
"BUG-944","Bug Backoffice","Erro na distribuição de rodizio - Passagem de Lead do SDR para venda ","2025-11-18 15:30","Done","0m","4h 33m","1m","27m","2d 16h 46m","1M 3w 5d 18h 37m","3h 39m","-","-","-","-","-"
"BUG-945","Bug QA","Arquivos Públicos - Erro 500 ao entrar em um arquivo público sem permissão","2025-11-18 15:54","Done","58m","0m","6h 10m","1h 31m","9h 23m","1M 4w 1d 2h 0m","1h 8m","-","-","-","-","-"
"BUG-948","Bug Dev","Constante com nome errado","2025-11-19 08:52","Done","-","5h 55m","6h 2m","0m","1d 8h 26m","1M 3w 5d 18h 57m","0m","-","-","21h 19m","-","1h 42m"
"BUG-949","Bug Cliente","#25329 - Ao realizar uma aprovação de pedido de compra, o responsável do setor de compras não recebe e-mail de confirmação de aprovação.","2025-11-19 09:19","Done","33m","10h 21m","2h 41m","30m","1d 12h 19m","1M 3w 5d 15h 4m","1d 1h 36m","-","-","-","-","-"
"BUG-952","Bug QA","Arquivos Públicos - Alterar link de compartilhamento de arquivos públicos","2025-11-19 10:35","Done","33m","3h 16m","14h 33m","0m","1d 16h 25m","1M 3w 5d 18h 58m","0m","-","-","2h 29m","-","9h 33m"
"BUG-953","Bug Cliente","#25377 - Cliente não consegue inserir porcentagem em composições ORSE","2025-11-19 11:55","Done","4h 15m","4h 43m","4h 20m","1h 11m","1d 16h 19m","1M 3w 5d 19h 4m","13h 40m","-","-","-","-","-"
"BUG-954","Bug Cliente","#25467 - Bases de preço - Cliente percebe que o valor unitário não aparece quando gera relatório da composição","2025-11-21 10:04","Done","35m","2h 44m","25m","2h 46m","2d 0h 11m","1M 3w 5d 19h 12m","11m","-","-","-","-","-"
"BUG-955","Bug QA","Orçamento - Valores improdutivo em branco DERPR","2025-11-21 10:50","Done","0m","1h 6m","49m","3h 4m","1d 2h 32m","1M 3w 6d 16h 51m","0m","-","-","-","-","-"
"BUG-956","Bug QA","Base de Preço - Insumo com tipo indicado como sem tipificação","2025-11-24 10:40","Done","1h 35m","41m","3h 2m","1m","18h 46m","1M 3w 6d 16h 37m","1m","-","-","-","-","-"
"BUG-957","Bug Cliente","'+55 84 8872-2724 - Compras - Ao gerar relatório de ""Comparação com curva ABC"" no módulo de compras, os valores da coluna ""Quant. Saldo"" estão trocados com os valores da coluna ""Quant. Comprada""","2025-11-24 10:58","Done","5h 35m","1d 12h 17m","3h 41m","52m","0m","1M 3w 5d 10h 31m","7h 28m","-","-","-","-","-"
"BUG-958","Bug QA","Orçamento - Exclusão de orçamento bloqueado","2025-11-24 11:48","Done","1d 15h 48m","7h 37m","3h 48m","1h 40m","18h 39m","1M 3w 4d 8h 45m","6h 53m","-","-","-","-","-"
"BUG-959","Bug Cliente","#25574 - Bases de preço - Erro 500 ao tentar excluir vários insumos na base própria","2025-11-24 15:27","Done","3h 40m","6h 9m","1h 15m","31m","16h 0m","1M 3w 5d 19h 23m","14h 57m","-","-","-","-","-"
"BUG-960","Bug Cliente","#25594 - Orçamento - Ao tentar adicionar BDI em orçamento da versão antiga, aparece mensagem de erro 500 e itens do orçamento somem","2025-11-24 17:18","Done","9h 14m","19h 59m","2h 39m","3h 9m","1d 2h 33m","1M 3w 4d 8h 50m","13h 4m","-","-","-","-","-"
"BUG-963","Bug Cliente"," #25679 - Orçamento - Cliente nota que composições da ORSE não ficam com o preço igual do banco de dados da OrçaFascio","2025-11-25 17:48","Done","5m","4d 9h 17m","46m","2d 22h 36m","5d 3h 39m","1M 2w 1d 1h 30m","13h 42m","-","-","-","-","-"
"BUG-964","Bug QA","Orçamento - Indicação de Caderno Técnico sumindo","2025-11-26 08:34","Done","13h 39m","20h 29m","1h 52m","1h 55m","1d 2h 38m","1M 3w 4d 8h 45m","0m","-","-","-","-","-"
"BUG-968","Bug Dev","Erro na autenticação dos plugins, pois o token está expirando muito rápido","2025-11-26 11:13","Done","-","2h 0m","12m","37m","2h 29m","1M 3w 6d 16h 54m","0m","-","-","-","-","-"
"BUG-971","Bug QA","Orçamento - Icone desajustado na lista de insumos","2025-11-27 11:31","Done","1h 9m","13h 1m","1h 25m","3h 22m","0m","1M 3w 5d 19h 23m","1h 57m","-","-","-","-","-"
"BUG-972","Bug Dev","erros nos steps do analise do orçamento","2025-11-27 15:48","Done","24m","1d 6h 58m","1h 32m","26m","5h 22m","1M 3w 4d 22h 1m","1m","-","-","-","-","-"
"BUG-976","Bug Cliente","#26172 - Bases de preço - Unidade de certas composições da EMBASA dentro da Orçafascio divergem da base oficial","2025-12-02 10:39","Done","36m","43m","1h 5m","2h 12m","3d 9h 21m","1M 3w 1d 18h 2m","7h 4m","-","-","-","-","-"
"BUG-977","Bug QA","Home (Teste Medição) - Ajustar botão de teste de medição ","2025-12-02 17:16","Done","3h 18m","4h 14m","51m","21m","3d 9h 20m","1M 3w 1d 18h 3m","0m","-","-","-","-","-"
"BUG-979","Bug Cliente","#26250 - Cliente não consegue acessar o seu orçamento","2025-12-03 10:01","Done","10m","8m","3h 20m","6h 55m","11h 45m","1M 3w 4d 10h 49m","1h 14m","-","-","-","-","-"
"BUG-981","Bug Backoffice","Problema de distribuição de leads vendedores que foram demitidos","2025-12-04 15:08","Done","2h 13m","11m","17m","2d 16h 11m","9h 23m","1M 3w 1d 18h 0m","0m","-","-","-","-","-"
"BUG-982","Bug Cliente","#26399 - Orçamento - Ao entrar em ajustar valor do orçamento e alterar entre opções de ajuste, se torna possível escolher opção de acréscimo ou decréscimo em porcentagem, mesmo com opção de ""valores absolutos"" selecionada.","2025-12-04 16:22","Done","2h 38m","9h 22m","2h 12m","1h 48m","1d 12h 23m","1M 3w 2d 15h 0m","1h 37m","-","-","-","-","-"
"BUG-984","Bug QA","Orçamento - Busca das composições para itens de data anterior","2025-12-05 15:19","Done","2h 58m","21m","5h 25m","0m","20h 23m","1M 3w 2d 15h 0m","5m","-","-","9h 45m","-","-"
"BUG-987","Bug Backoffice","Erro 500 ao realizar liberação provisória ","2025-12-09 10:04","Done","1h 9m","28m","2h 36m","1h 7m","2d 1h 23m","1M 3w 1d 18h 0m","15m","-","-","-","-","-"
"BUG-989","Bug Cliente","#26578 - Erro 500 ao realizar cópia da composição RO-00961","2025-12-09 11:17","Done","7h 34m","0m","2h 21m","3h 4m","2h 9m","1M 3w 3d 9h 14m","22m","-","-","-","-","-"
"BUG-993","Bug Cliente"," #3435 - Ao tentar visualizar um caderno técnico na pesquisa de bancos ocorre um erro","2025-12-11 14:41","Done","23h 42m","1h 4m","1h 23m","0m","1h 19m","1M 3w 1d 18h 4m","3h 48m","-","-","-","-","-"
"BUG-996","Bug Cliente","#26769 - Orçamento - Cliente ao utilizar base SIURB 07/2025 as composições ao adicionadas no orçamento vem zeradas ou vem com preço errado ","2025-12-11 16:31","Done","22h 20m","17h 57m","1h 39m","2d 5h 18m","5d 1h 44m","1M 2w 1d 1h 29m","2h 25m","-","-","-","-","-"
"BUG-1006","Bug Cliente","#26844 - Cliente não consegue trocar e-mail de acesso no orçaprime","2025-12-12 15:25","Done","1h 15m","6m","-","-","2d 5h 40m","1M 2w 6d 7h 55m","1d 7h 3m","-","-","-","-","-"
"BUG-1009","Bug Cliente","#34381 - Ao realizar alteração no seu orçamento no OrçaBIM e salvar, o salvamento não é realizado","2025-12-15 14:19","Done","9h 19m","16m","-","-","2d 21h 33m","1M 2w 6d 7h 55m","0m","-","-","-","-","-"
"BUG-1020","Bug QA","Home - Mensagem não está formatada no formato correto","2025-12-19 17:06","Done","1d 17h 21m","1h 30m","4h 44m","2h 40m","2h 35m","1M 2w 4d 16h 48m","1h 3m","-","-","1d 1h 13m","-","1h 9m"
"BUG-1024","Bug Cliente","Função de troca de e-mail no OrçaPrime não esta funcionando ","2025-12-23 14:30","Done","4h 54m","-","1h 33m","-","3h 14m","3w 1d 10h 9m","21h 56m","3w 6d 21h 6m","-","-","-","-"
"BUG-1028","Bug Cliente","#27417 - Bases de Preço - Ao copiar composição da SBC na data 06/2023, não é possível adicionar nenhum insumo na mesma","2025-12-26 18:14","Done","2h 50m","0m","1h 46m","10m","1d 10h 24m","1M 2w 4d 16h 49m","42m","-","-","-","-","-"
"BUG-1032","Bug Backoffice","Bug edição de rodizio head ","2026-01-05 11:52","Done","0m","4m","0m","2h 14m","3d 1h 54m","1M 2w 1d 1h 29m","6h 15m","-","-","-","-","-"
"BUG-1038","Bug Cliente","#27691- Orçamento - Comparador de orçamento com Erro 500","2026-01-08 10:18","Done","1d 3h 59m","58m","4h 33m","0m","1d 1h 58m","1M 2w 1d 1h 25m","3h 40m","-","-","-","-","-"
"BUG-1039","Bug Cliente","#27714 - Bases de preço - Erro 500 ao tentar importar planilha de composições próprias dentro do sistema","2026-01-08 16:05","Done","10h 58m","0m","5h 0m","8h 0m","1d 8h 0m","1M 2w 0d 11h 23m","17h 57m","-","-","-","-","-"
"BUG-1040","Bug Cliente","#27754 - Cadastro / Administrar empresa - Erro 500 ao tentar cadastrar encargo social","2026-01-09 10:26","Done","1d 4h 54m","5h 51m","23m","0m","18h 36m","1M 2w 1d 0h 47m","3h 25m","-","-","-","-","-"
"BUG-1042","Bug QA","Base de Preço - Composições da DERPR e SETOP não estão sendo exportadas","2026-01-09 11:20","Done","4h 26m","5h 20m","2h 41m","0m","2d 8h 0m","1M 2w 0d 11h 23m","0m","-","-","-","-","-"
"BUG-1043","Bug QA","Gestão de Base Própria - Erro 500 ao tentar alterar Estado de uma versão","2026-01-09 11:31","Done","4h 11m","15h 0m","1h 52m","23m","2d 0h 1m","1M 2w 0d 11h 22m","2m","-","-","-","-","-"
"BUG-1050","Bug Cliente","#27891 - Orçamento - Valor total de material da composição está incorreto no relatório sintético com valor de mão de obra e material","2026-01-13 17:36","Done","13h 50m","7h 8m","6h 31m","1h 9m","0m","1M 2w 0d 11h 23m","13h 18m","-","-","5h 33m","-","0m"
"BUG-1051","Bug Cliente","#27915 - Orçamento - Ao exportar relatório de Composições Analíticas com Preço Unitário, o cliente percebeu que certo insumo de mão de obra estava com as Leis Sociais zeradas","2026-01-14 13:39","Done","14h 42m","1h 15m","6h 18m","0m","6h 1m","1M 1w 6d 21h 22m","1d 5h 39m","-","-","-","-","-"
"BUG-1055","Bug Cliente","#28003 - Bases de preço - Unidade de composição da base ORSE difere do relatório oficial","2026-01-15 12:00","Done","3h 37m","0m","24m","15h 4m","16h 32m","1M 2w 0d 11h 23m","1h 23m","-","-","-","-","-"
"BUG-1057","Bug Cliente","#28034 - Ao criar uma composição no estado do Rio Grande do Sul e exportá-la, o estado no relatório está como Sergipe","2026-01-15 17:22","Done","7h 51m","1h 39m","3h 46m","14m","16h 0m","1M 2w 0d 11h 23m","3h 8m","-","-","-","-","-"
"BUG-1059","Bug Cliente","Base de Preço - Dados da IOPES com divergência de itens e códigos","2026-01-16 18:00","Done","9h 55m","2d 22h 17m","6h 12m","9h 42m","1d 15h 44m","1M 1w 2d 11h 20m","6h 31m","-","-","-","-","1h 42m"
"BUG-1062","Bug Cliente","#28138 - Cliente com dois módulos de orçamento ativo e não consegue usar","2026-01-19 16:27","Done","23m","8m","17m","4m","3h 10m","1M 2w 1d 0h 45m","9m","-","-","-","-","-"
"BUG-1063","Bug Cliente","#28157 - Orçamento - Ao extrair os relatórios Analítico e Sintético e fazer comparações, o valor unitário com BDI das planilhas está divergente ","2026-01-19 18:07","Done","11h 44m","1h 30m","15m","26m","0m","1M 2w 0d 11h 23m","1h 52m","-","-","-","-","-"
"BUG-1066","Bug QA","Orçamento - Porcentagem dos encargos não está sendo aplicado no insumo de mão de obra","2026-01-22 11:55","Done","7h 48m","21h 27m","5h 46m","0m","3d 8h 2m","1M 1w 2d 11h 21m","1h 54m","-","-","-","-","-"
"BUG-1067","Bug QA","Orçamento - Curva ABC de Insumos com modificações totais de quantitativos para todos os tipos","2026-01-22 14:25","Done","1d 3h 10m","1h 55m","5h 37m","8m","3d 8h 3m","1M 1w 2d 11h 20m","25m","-","-","-","-","-"
"BUG-1072","Bug Dev","Vendedor demitido ainda aparecce no rodizio","2026-01-23 11:47","Done","5h 13m","-","-","-","1d 16h 0m","1M 1w 5d 3h 23m","0m","-","-","-","-","-"
"BUG-1076","Bug Cliente","#28618 - Bases e preços - Divergência de preços entre a base da ORSE e OrçaFascio","2026-01-27 11:38","Done","3h 26m","0m","6h 56m","9h 4m","3d 0h 4m","1M 1w 2d 11h 19m","1h 55m","-","-","-","-","-"
"BUG-1078","Bug Cliente","#28670 - Orçamento - Ao alterar a DMT das composições Sicro, o momento de transporte das composições somem ","2026-01-28 08:58","Done","23h 58m","18h 30m","5h 16m","0m","1d 8h 16m","1M 1w 2d 11h 7m","8h 17m","-","-","-","-","-"
"BUG-1082","Bug Cliente","#28755 - Importador analítico não está funcionando corretamente","2026-01-29 11:13","Done","5h 20m","1d 10h 37m","3h 5m","0m","1d 4h 48m","1M 1w 1d 22h 35m","16h 41m","-","-","-","-","-"
"BUG-1086","Bug Cliente","#29010 - Ao tentar adicionar um insumo próprio em uma composição por código o mesmo não é retornado","2026-02-03 11:10","Done","11h 5m","4h 51m","5h 59m","0m","1d 4h 48m","1M 1w 1d 22h 35m","11h 21m","-","-","-","-","-"
"BUG-1087","Bug Cliente","#36559 - Ao exportar o relatórios de Composições de Analíticas com Preço Unitário, o valor das composições próprias estão divergentes do orçamento","2026-02-03 13:59","Done","56m","19m","5h 13m","3m","1d 20h 48m","1M 1w 1d 22h 35m","11h 5m","-","-","-","-","-"
"BUG-1090","Bug Backoffice","Bug lead tela de farmers e b2b","2026-02-04 09:26","Done","0m","12m","0m","0m","0m","1M 1w 4d 10h 44m","0m","-","-","-","-","-"
"BUG-1091","Bug Cliente","#29101 - Ao criar copia do orçamento vai para a versão antiga e zerado ","2026-02-04 11:26","Done","3h 20m","0m","0m","19m","1d 15h 41m","1M 1w 2d 11h 23m","2h 13m","-","-","-","-","-"
"BUG-1092","Bug Cliente","#29107 - Prime OrçaFascio - Composições da SEDOP na data 10/2025 apresentam valores zerados ao serem inseridas em um orçamento.","2026-02-04 14:35","Done","20m","0m","4h 47m","-","2d 0h 1m","1M 1w 1d 22h 35m","3h 4m","-","-","-","-","-"
"BUG-1094","Bug Backoffice","Bug fluxo de leads CRM/CSM","2026-02-05 15:26","Done","-","20m","7h 12m","48m","20h 7m","1M 1w 2d 15h 16m","0m","-","-","-","-","-"
"BUG-1100","Bug QA","Arquivos Públicos - Erro 500 ao tentar enviar arquivo com momento de transporte","2026-02-06 17:08","Done","6h 37m","3h 15m","6h 44m","8h 0m","12h 49m","1M 1w 1d 22h 34m","1m","-","-","-","-","-"
"BUG-1102","Bug Cliente","#29350 - Orçamento - Usuário relatou mensagem de erro de permissão ao tentar acessar orçamento que ele possui permissão de acesso pelo link.","2026-02-09 16:07","Done","2d 12h 38m","7h 10m","10h 45m","0m","7h 12m","1M 0w 4d 20h 11m","15h 56m","-","-","9h 44m","-","51m"
"BUG-1103","Bug Cliente","#29375 - Orçamento - Ao tentar abrir orçamento, o mesmo não carrega e mensagem de erro é exibida ao retornar a lista de orçamentos","2026-02-10 09:25","Done","1h 56m","9h 3m","6h 10m","10h 26m","2d 5h 36m","1M 0w 4d 20h 11m","5h 38m","-","-","1d 4h 31m","-","-"
"BUG-1107","Bug QA","Gestão de Base Própria - Erro 500 ao tentar abrir composição da IOPES na base própria","2026-02-10 15:36","Done","0m","5h 23m","4h 27m","33m","12h 49m","1M 1w 1d 22h 34m","0m","-","-","-","-","-"
"BUG-1111","Bug Cliente","#29581 - Orçamento - Composições da SICRO dentro de orçamento desonerado apresentam divergência de valores em relação a busca de composições","2026-02-12 09:19","Done","3h 12m","1d 17h 14m","4h 34m","1h 7m","1d 23h 13m","1M 0w 4d 20h 10m","12h 35m","-","-","-","-","-"
"BUG-1116","Bug Cliente","#29720 - Administrar/Cadastros - Erro 500 ao habilitar permissão","2026-02-13 15:26","Done","31m","0m","2h 36m","11h 55m","3d 4h 14m","1M 0w 4d 20h 9m","3m","-","-","-","-","-"
"BUG-1118","Bug QA","Usuarios novos estao recebendo R$100 de saldo da Sofia","2026-02-15 09:54","Done","0m","3h 13m","1h 47m","11h 55m","3d 4h 14m","1M 0w 4d 20h 9m","1h 15m","-","-","-","-","-"
"BUG-1126","Bug Cliente","#37353 - Bases de preço - Ao criar itens próprios e os adicioná-los em uma composição própria, o cálculo do valor final dos itens está sendo calculado está incorretamente","2026-02-19 16:56","Done","5h 3m","1d 7h 15m","2h 42m","0m","2d 16h 0m","1M 0w 2d 19h 23m","5h 37m","-","-","-","-","-"
"BUG-1128","Bug Cliente","#37452 - Orçamento - Ao fazer substituição na lista de insumos, o item não é substituído","2026-02-20 12:02","Done","1d 12h 19m","19h 11m","2h 42m","15m","2d 0h 0m","1M 0w 2d 19h 23m","1h 54m","-","-","-","-","-"
"BUG-1129","Bug Cliente","#29949 - Orçamento - Ao extrair o relatório Sintético com Valor de Material e Mão de Obra, o total da mão de obra está zerado","2026-02-20 14:29","Done","3h 11m","18h 24m","8h 0m","0m","2d 16h 0m","1M 0w 2d 19h 23m","1h 8m","-","-","1h 12m","-","25m"
"BUG-1133","Bug Backoffice","Tela de vendas realizadas - empresas que não constam ","2026-02-24 14:31","Done","0m","1h 23m","-","-","3d 16h 0m","1M 0w 2d 19h 23m","2h 5m","-","-","-","-","-"
"BUG-1137","Bug QA","Ao importar itens de outro orçamento, locais da memória de cálculo não estão sendo enviados","2026-02-25 09:56","Done","1d 3h 24m","1h 53m","1h 1m","0m","2d 8h 0m","1M 0w 2d 19h 23m","3m","-","-","-","-","-"
"BUG-1140","Bug Cliente","#30215 - Orçamento - Composições da SICRO3 não estão calculando o FIC na versão antiga","2026-02-26 08:34","Done","1m","4h 59m","2h 39m","0m","8h 0m","1M 0w 5d 3h 23m","8h 20m","-","-","-","-","-"
"BUG-1142","Bug QA","Não está sendo possível enviar orçamento para o OF CDE","2026-02-26 11:03","Done","4d 13h 38m","24m","15h 43m","5m","1h 42m","1M 0w 0d 14h 36m","0m","-","-","-","-","3h 11m"
"BUG-1146","Bug Cliente","#30284 - Orçamento - Enviar Cópia de Orçamento para Outro Usuário não aparece para contas sem orçamentos","2026-02-26 17:05","Done","4d 20h 54m","4h 36m","5h 46m","0m","44m","4w 1d 18h 39m","17h 39m","-","-","-","-","-"
"BUG-1149","Bug Dev","Mudança do domínio do serviço do Extrator do Civil 3D","2026-02-27 14:52","Done","-","-","-","-","2d 16h 0m","1M 0w 2d 19h 23m","4m","-","-","-","-","-"
"BUG-1150","Bug QA","Orçamento - Real time do orçamento não está funcionando corretamente","2026-02-27 16:13","Done","2h 55m","9h 34m","14h 39m","4d 19h 54m","4h 21m","3w 5d 19h 23m","1m","-","-","2d 13h 29m","-","44m"
"BUG-1157","Bug QA","Orçamento - Botão de confirmação de valor do insumo enviando várias requisições","2026-03-05 14:32","Done","3d 18h 29m","4h 51m","10h 46m","15m","44m","4w 1d 18h 39m","0m","-","-","0m","-","1h 6m"
"BUG-1158","Bug QA","CORREÇÃO- Orçamento - Real time do orçamento não está funcionando corretamente","2026-03-05 15:10","Done","0m","22m","1h 29m","34m","1d 8h 0m","1M 0w 2d 19h 23m","25m","-","-","-","-","-"
"BUG-1161","Bug Cliente","#30713 - Cadastro/ Administrar Empresa - Ao fazer redefinição de senha, o link de confirmação não é encaminhado no corpo do e-mail","2026-03-06 10:05","Done","2d 2h 30m","3h 10m","-","-","1d 4h 48m","1M 0w 0d 14h 35m","1h 14m","-","-","-","-","-"
"BUG-1170","Bug Cliente","#30820 - Gestão de Base Própria - Ao realizar importação de uma planilha para a Gestão de Base Própria, ela não é carregada","2026-03-09 15:44","Done","4h 24m","1d 20h 18m","2h 29m","2m","1h 52m","1M 0w 0d 14h 29m","14h 23m","-","-","-","-","2h 13m"
"BUG-1171","Bug QA","SOFIA retorna erro 500 quando utilizada em composição própria modelo SINAPI que possui apenas bases rodoviárias como referência.","2026-03-09 16:39","Done","3h 49m","16m","2h 37m","2h 23m","1d 14h 29m","1M 0w 0d 12h 54m","13h 43m","-","-","-","-","-"
"BUG-1177","Bug Backoffice","Erro 500 na estrutura do sistema de cobrança","2026-03-11 15:01","Done","16m","18h 42m","-","-","1d 14h 29m","1M 0w 0d 12h 54m","1m","-","-","-","-","-"
"BUG-1178","Bug Cliente","#31104 - Orçamento - Item da SINAPI com duas descrições divergentes na versão antiga","2026-03-12 17:11","Done","6h 24m","3d 0h 55m","9h 36m","9h 40m","1h 56m","3w 6d 1h 28m","10h 25m","-","-","-","-","18h 54m"
"BUG-1179","Bug Cliente","#31134 - Orçamento - Fórmulas dentro da memória de cálculo exibem resultado zerado","2026-03-13 09:13","Done","11h 7m","2h 22m","6h 49m","12h 17m","3h 24m","1M 0w 0d 12h 54m","7h 23m","-","-","-","-","-"
"BUG-1180","Bug Cliente","#38540 - Ao inserir alguns itens da CPOS a unidade é aplicada incorretamente","2026-03-13 10:36","Done","5h 33m","29m","7h 14m","7m","22h 32m","1M 0w 0d 12h 51m","8h 51m","-","-","-","-","-"
"BUG-1182","Bug Cliente","#31160 - Orçamento - Ao alterar o orçamento de Onerado para Desonerado valores não são alterados","2026-03-13 14:36","Done","6h 41m","22h 34m","1h 6m","1d 17h 11m","4d 16h 26m","3w 3d 10h 5m","4h 43m","-","-","-","-","-"
"BUG-1183","Bug QA","Orçamento - Ao minimizar tela, botão ""Cancelar"" é desconfigurado no modal de ""insumo zerado"" dentro do orçamento","2026-03-13 14:46","Done","6h 7m","11h 0m","9h 18m","6h 48m","3h 30m","1M 0w 0d 12h 47m","5h 6m","-","-","-","-","-"
"BUG-1186","Bug QA","Orçamento - Composições Analíticas não está saindo com todas as casas","2026-03-13 17:35","Done","14h 36m","9h 54m","2h 35m","4h 28m","1d 13h 38m","4w 1d 2h 39m","2h 29m","-","-","-","-","-"
"BUG-1195","Bug Cliente","#31337 - Medição - ao vincular orçamento com medição(antigo) a medição fica 0,10 centavos a menos que o orçamento","2026-03-17 15:55","Done","1d 1h 56m","3h 41m","5h 8m","2d 23h 35m","2d 2h 20m","3w 3d 10h 4m","4h 48m","-","-","-","-","-"
"BUG-1196","Bug Cliente","#31344 - Ao realizar exportação do caderno técnico de uma composição própria, o sistema apresenta erro","2026-03-17 17:04","Done","1d 7h 11m","7h 29m","6h 32m","2h 36m","7h 36m","4w 1d 2h 39m","51m","-","-","-","-","-"
"BUG-1197","Bug Cliente","#31350 - Orçamento - Ao inserir item da SCO no orçamento a unidade é alterada ","2026-03-17 17:32","Done","1h 53m","2h 22m","7h 8m","6h 44m","10h 7m","4w 2d 6h 14m","28m","-","-","-","-","-"
"BUG-1198","Bug Cliente"," #38823 - Planejamento - Cronograma fisico financeiro ao fazer a divisão de etapas os valores aparecem cheios ao invés de divididos ","2026-03-18 09:49","Done","22h 11m","49m","4h 37m","13h 8m","2d 5h 24m","3w 6d 1h 29m","6h 47m","-","-","-","-","30m"
"BUG-1201","Bug QA","Bases de Preço - Não é possível adicionar itens dentro de uma composição própria na base após tentativa de adição sem coeficientes.","2026-03-18 14:53","Done","1h 48m","1h 12m","3h 28m","4h 44m","10h 4m","4w 2d 6h 13m","2h 45m","-","-","-","-","-"
"BUG-1202","Bug Cliente","#31420 - Orçamento - Relatório de composições analíticas com preço unitário esta exibindo LS com valores negativos em orçamento sem encargos aplicados","2026-03-18 16:31","Done","2d 12h 32m","2d 22h 36m","6h 52m","8h 26m","21h 31m","3w 1d 5h 52m","1d 22h 46m","-","-","-","-","-"
"BUG-1203","Bug QA","Orçamento - Não é possível adicionar porcentagens adicionais em composições modelo SICRO dentro do orçamento","2026-03-18 17:04","Done","1h 48m","4h 10m","1h 7m","6m","10h 4m","4w 2d 6h 13m","34m","-","-","-","-","-"
"BUG-1206","Bug Cliente","#31444 - Orçamento - Cliente nota divergência do FIC no item 3.3, no item em questão o FIC consta dentro do orçamento com o custo unitário como 4,8516, mas no relatório de composição analítica de preço unitário o FIC consta como:8,7261","2026-03-19 10:02","Done","2h 50m","1h 48m","2h 30m","8h 0m","1d 0h 43m","4w 1d 2h 40m","6h 39m","-","-","-","-","-"
"BUG-1208","Bug Cliente","'+55 98 8418-2419 - Diário de Obras - Mensagem de erro é exibida ao tentar criar diário de obras dentro do aplicativo","2026-03-19 17:00","Done","19h 49m","3h 30m","-","-","10h 12m","4w 1d 9h 11m","59m","-","-","-","-","-"
"BUG-1214","Bug QA","Orçamento - Importação Analítica não carrega nem sinaliza erro","2026-03-23 10:57","Done","3d 9h 41m","3h 21m","4h 31m","31m","2d 1h 19m","3w 3d 10h 4m","1m","-","-","-","-","-"
"BUG-1215","Bug Cliente","'+55 75 9189-7128 - Orçamento - Composições auxiliares duplicadas dentro da lista de composições","2026-03-23 11:32","Done","3d 16h 2m","2d 2h 34m","6h 57m","16h 0m","21h 28m","3w 1d 5h 55m","10h 55m","-","-","-","-","-"
"BUG-1216","Bug Backoffice","Bug - edição de informação show da empresa ","2026-03-24 11:29","Done","0m","5h 0m","-","-","0m","4w 1d 19h 23m","31m","-","-","-","-","-"
"BUG-1219","Bug Backoffice","Falta do campo “empenho” na cobrança","2026-03-25 10:52","Done","0m","1d 12h 54m","4h 30m","9h 40m","17h 9m","3w 5d 10h 14m","2h 2m","-","-","8h 59m","-","-"
"BUG-1222","Bug QA","Orçamento - Tela de insumos zerados da versão antiga está sendo exibida em orçamento criado na nova versão","2026-03-25 17:46","Done","22h 54m","1d 11h 46m","2h 16m","7m","4d 13h 10m","3w 1d 6h 13m","3h 10m","-","-","-","-","-"
"BUG-1224","Bug Cliente","#31864 - Orçamento - Função de ""Sincronizar com base própria"" não funciona corretamente dentro do orçamento","2026-03-26 09:53","Done","1h 58m","15h 38m","6h 56m","16m","8h 44m","2w 3d 2h 39m","1h 17m","-","-","5d 21h 0m","-","4d 18h 34m"
"BUG-1225","Bug Cliente","#31869 - OF CDE - Usuário não consegue acessar OF CDE","2026-03-26 10:26","Done","11m","0m","2h 53m","-","3h 27m","4w 1d 2h 42m","43m","-","-","-","-","-"
"BUG-1231","Bug Cliente","#32065 - Orçamento - Ao aplicar desconto utilizando ""Ajustar valor do orçamento"", sistema acrescenta porcentagem no valor total","2026-03-30 11:19","Done","1d 8h 0m","44m","4h 52m","10m","4d 5h 34m","3w 1d 5h 49m","12h 41m","-","-","-","-","-"
"BUG-1232","Bug Cliente","#32062 - Orçamento - Ao realizar busca de cadernos técnicos para importação de caderno técnico de outra composição, nenhum resultado é encontrado","2026-03-30 11:30","Done","9m","31m","6h 3m","0m","19h 11m","3w 6d 1h 29m","12h 29m","-","-","-","-","-"
"BUG-1238","Bug Cliente","#32214 - Orçamento - Orçamento está aplicando porcentagem onerada do encargo social nos insumos, mesmo com a opção ""Desonerada"" estando marcada.","2026-04-01 14:14","Done","16h 36m","1m","4h 24m","37m","2d 21h 39m","3w 1d 5h 44m","1d 11h 37m","-","-","-","-","-"
"BUG-1244","Bug Dev","Corrigir bug de cadastro de e-mails","2026-04-06 10:13","Done","1h 6m","45m","1h 28m","0m","9h 9m","3w 5d 10h 14m","0m","-","-","-","-","-"
"BUG-1247","Bug Cliente","#32336 - Bases e preços - Ao emitir relatório da composição aparece nos códigos o aviso ""Emp""","2026-04-06 11:52","Done","6h 29m","27m","1h 46m","32m","3d 13h 35m","3w 1d 5h 48m","12h 8m","-","-","-","-","-"
"BUG-1249","Bug QA","Diário de Obras - Ajustes para realizar no aplicativo diário de obras","2026-04-06 15:50","Done","0m","1m","1w 6d 3h 40m","29m","9h 38m","1w 1d 17h 45m","1h 51m","-","-","4d 3h 0m","-","8h 45m"
"BUG-1251","Bug Cliente","#32369 - Base de preços - Ao verificar os itens de uma composição, foi observado que a unidade de um item não está de acordo com a base SICRO3","2026-04-06 17:44","Done","16h 0m","0m","11h 21m","3h 25m","5h 48m","3w 1d 5h 36m","8h 15m","-","-","-","-","2d 16h 36m"
"BUG-1255","Bug Cliente","#32426 - Orçamento - Usuário não consegue abrir seu orçamento","2026-04-07 16:24","Done","5h 22m","11m","1h 24m","53m","3d 21h 44m","3w 1d 5h 39m","1h 36m","-","-","-","-","-"
"BUG-1256","Bug Cliente","#32435 - Orçamento - Ajuste para método de cálculo do FIT no orçamento","2026-04-07 17:28","Done","1d 3h 25m","14h 47m","5h 1m","18h 59m","21h 42m","3w 1d 5h 41m","0m","-","-","-","-","-"
"BUG-1260","Bug QA","Orçamento - Itens do gestão de base própria não estão aparecendo na compatibilização de base do orçamento","2026-04-08 10:40","Done","3d 10h 1m","6h 58m","6h 46m","0m","8h 48m","3w 0d 18h 35m","5h 51m","-","-","-","-","-"
"BUG-1263","Bug Dev","atualizar view do show da empresa","2026-04-09 10:58","Done","3h 8m","44m","1h 3m","1h 8m","3h 0m","3w 4d 16h 23m","0m","-","-","-","-","-"
"BUG-1264","Bug Cliente","#32535 - Orçamento - Composição da SETOP tem preço alterado ao ser adicionada no orçamento","2026-04-09 15:38","Done","3h 11m","1d 1h 31m","3h 57m","5d 17h 59m","10h 2m","2w 4d 9h 1m","3m","-","-","-","-","-"
"BUG-1265","Bug Cliente","Administrar Empresa - Data do OF Medição do usuário não está condizente com sua licença","2026-04-09 15:46","Done","3d 6h 31m","2h 22m","59m","0m","5h 40m","3w 1d 5h 43m","0m","-","-","-","-","-"
"BUG-1269","Bug QA","Bases de preço - Importação de planilha de insumos próprios é feita a partir da primeira coluna, ignorando configuração definida pelo usuário","2026-04-10 10:27","Done","2d 22h 29m","1h 21m","3h 20m","3h 20m","6h 20m","3w 1d 5h 4m","3m","-","-","-","-","-"
"BUG-1272","Bug Cliente","#39996 - Orçamento - Ao extrair o relatório de Composições Analíticas de Preço Unitário e fazer a soma dos valores unitários, o usuário verificou que os preços informados na planilha estão errados","2026-04-10 17:51","Done","8h 41m","3d 10h 2m","2h 26m","40m","1h 40m","3w 0d 1h 43m","8h 9m","-","-","-","-","-"
"BUG-1274","Bug Backoffice","Correção fluxo SDR","2026-04-13 10:14","Done","26m","11m","1h 50m","38m","2d 22h 8m","3w 1d 5h 15m","0m","-","-","-","-","-"
"BUG-1279","Bug QA","Orçamento - Ao gerar curva ABC de insumos com marcando opção ""Com comparação de preços da base"", coluna de ""Preço na base"" é impressa desconfigurada","2026-04-14 17:24","Done","1d 8h 53m","8h 2m","4h 0m","3h 25m","6h 14m","3w 1d 5h 9m","7h 42m","-","-","-","-","-"
"BUG-1280","Bug QA","Administração - Webinar criado no backoffice apresenta diferença de -3h no horário","2026-04-15 12:46","Done","2d 0h 53m","20h 26m","2h 30m","1h 4m","1h 27m","3w 0d 9h 56m","4h 7m","-","-","-","-","-"
"BUG-1281","Bug Cliente"," #40289 - Orçamento - Ao incidir porcentagem de encargos sociais em seu orçamento, os valores não são alterados","2026-04-15 14:05","Done","17h 20m","3h 11m","2h 5m","10h 19m","22h 5m","3w 1d 5h 18m","3h 0m","-","-","-","-","-"
"BUG-1282","Bug QA","Orçamento - Ajuste nas composições do relatório da TOTVS","2026-04-15 16:05","Done","31m","27m","25m","23m","2d 6h 4m","3w 1d 5h 19m","0m","-","-","-","-","-"
"BUG-1283","Bug Dev","corrigir tipos de empresa para gerar relatórios","2026-04-16 11:16","Done","1d 18h 35m","1w 5d 0h 26m","2h 18m","15m","7h 7m","1w 3d 4h 16m","0m","-","-","-","-","-"
"BUG-1284","Bug Cliente","#40289 - Orçamento - Ao tentar modificar os coeficientes produtivos e improdutivos, as alterações não são salvas","2026-04-16 14:04","Done","4h 46m","0m","19m","9h 2m","22h 0m","3w 1d 5h 23m","13h 30m","-","-","-","-","-"
"BUG-1285","Bug Cliente","#40434 - Orçamento - Ao gerar o relatório de Custo Horário de Equipamento, algumas colunas estão sendo extraídas zeradas","2026-04-16 20:51","Done","1h 29m","2d 12h 1m","1h 15m","0m","0m","2w 5d 11h 23m","2d 0h 55m","-","-","-","-","-"
"BUG-1298","Bug QA","Orçamento - Ajustes para realizar no modal de relatórios","2026-04-22 17:30","Done","0m","4h 20m","7h 28m","0m","49m","3w 0d 18h 34m","29m","-","-","8h 22m","-","57m"
"BUG-1299","Bug Cliente","#40807 - Orçamento - Ao criar uma cópia do orçamento, o sistema gera a cópia na versão antiga e sem itens ","2026-04-23 08:14","Done","2h 50m","1h 48m","4m","55m","5h 50m","3w 1d 5h 33m","0m","-","-","-","-","-"
"BUG-1300","Bug Cliente","#33440 - Cadastro - Ao cadastrar novo empreiteiro, e-mail de confirmação não está sendo enviado","2026-04-23 10:53","Done","4h 16m","21h 25m","1h 38m","9h 40m","1d 0h 0m","2w 5d 11h 23m","1h 50m","-","-","12h 42m","-","-"
"BUG-1301","Bug QA","Administrar Empresa - Link de importação de usuário está indo quebrado no outlook","2026-04-23 10:58","Done","2h 52m","1w 5d 0h 40m","1h 55m","3h 4m","0m","1w 3d 3h 23m","0m","-","-","23m","-","-"
"BUG-1304","Bug QA","Orçamento - Relatório de Composição de BDI não está no novo modal de relatórios","2026-04-23 15:05","Done","12h 48m","27m","2h 26m","6h 28m","14m","3w 0d 11h 9m","4h 10m","-","-","0m","-","24m"
"BUG-1305","Bug Cliente","'+55 31 9691-4034 - Orçamento - Preço da composição não está sendo alterado ao sincronizar orçamento com base própria.","2026-04-23 16:31","Done","7m","2h 55m","48m","0m","11m","3w 1d 3h 12m","2m","-","-","-","-","-"
"BUG-1308","Bug Cliente","#33531 - Orçamento - Erro 500 ao emitir qualquer relatório na nova versão do da aba ""relatórios"" e na antiga versão","2026-04-24 08:49","Done","5h 47m","49m","30m","-","16h 14m","3w 0d 11h 27m","37m","-","-","-","-","-"
"BUG-1309","Bug Cliente","#33541 - OrçaFascio Prime - Orçamento carrega infinitamente. Além disso, gera erro 500 ao tentar importar itens de outro orçamento","2026-04-24 09:41","Done","1h 47m","0m","1h 24m","1d 3h 36m","4d 0h 45m","2w 3d 2h 38m","32m","-","-","-","-","-"
"BUG-1310","Bug QA","Orçamento - Tag's não estão sendo modificadas no orçamento","2026-04-24 10:12","Done","3h 2m","59m","45m","0m","9h 28m","3w 0d 17h 55m","3m","-","-","-","-","-"
"BUG-1311","Bug Cliente","#33544 - Orçamento - Relatório TOTVS está imprimindo insumos próprios com preços diferentes do orçamento","2026-04-24 10:35","Done","5h 54m","2m","10m","2m","16h 0m","3w 0d 11h 23m","0m","-","-","-","-","-"
"BUG-1312","Bug QA","Base de Preço - Composições não são buscadas com a opção de todos os bancos","2026-04-24 10:57","Done","4h 48m","2h 32m","2h 11m","2h 23m","51m","3w 0d 18h 32m","0m","-","-","-","-","-"
"BUG-1317","Bug QA","Orçamento - Método de arredondamento ""Arredondar em duas casas decimais"" apresenta valores diferentes na base SCO dentro do orçamento","2026-04-24 17:40","Done","4h 19m","0m","1h 32m","2h 44m","1h 10m","3w 0d 17h 57m","0m","-","-","-","-","-"
"BUG-1319","Bug Dev","Problema na funcionalidade ""Usar como este"" no menu administração de usuários","2026-04-27 10:55","Done","-","3h 7m","11m","-","1d 8h 0m","2w 5d 19h 23m","0m","-","-","-","-","16h 0m"
"BUG-1321","Bug Dev","Erro na busca de composições e ferramenta de autocompletar","2026-04-27 11:18","Done","0m","14m","7h 0m","1h 4m","14m","3w 0d 11h 9m","0m","-","-","15m","-","0m"
"BUG-1322","Bug Dev","Composições ORSE sem preço definido","2026-04-27 11:51","Done","0m","8m","4h 0m","0m","1h 17m","3w 0d 18h 6m","0m","-","-","-","-","-"
"BUG-1324","Bug Cliente"," #33651 - Orçamento - Assinatura do relatório saindo verticalmente","2026-04-27 15:18","Done","1d 1h 59m","4h 25m","6h 58m","25m","10h 24m","2w 4d 8h 59m","1d 12h 54m","-","-","-","-","-"
"BUG-1326","Bug Cliente","#33651 - Orçamento - Relatório não está sendo emitido com logo da empresa","2026-04-27 15:23","Done","1h 10m","6h 8m","1h 19m","4m","8h 42m","3w 0d 2h 41m","1h 55m","-","-","-","-","-"
"BUG-1328","Bug Cliente","#41043 - OrçaPrime - Cliente não consegue acessar o seu orçamento","2026-04-27 15:49","Done","21h 27m","-","54m","12m","1d 1h 27m","2w 5d 19h 23m","2h 10m","-","-","-","-","-"
"BUG-1329","Bug Dev","Adicionando permissao para QA","2026-04-27 16:04","Done","-","0m","11m","-","1d 16h 0m","2w 5d 19h 23m","0m","-","-","8h 0m","-","0m"
"BUG-1331","Bug Cliente","#41061 - Orçamento - Ao gerar o relatório ""Composições Analíticas com Preço Unitário"", a planilha é gerada com todas as bases, mesmo indicando somente um banco","2026-04-27 17:32","Done","40m","1h 7m","4h 49m","1h 4m","13m","3w 0d 11h 10m","15m","-","-","-","-","-"
"BUG-1332","Bug Cliente","#33625- OrçaFascio Prime - Erro 500 ao copiar orçamento","2026-04-27 17:54","Done","33m","1d 8h 54m","50m","3d 13h 22m","0m","2w 2d 17h 0m","0m","-","-","-","-","2h 49m"
"BUG-1333","Bug Cliente","#33633 - OrçaBIM - Mensagem de ""InternalServerError"" é exibida ao tentar abrir orçamento","2026-04-27 18:10","Done","21h 28m","-","10h 32m","1w 0d 0h 27m","3d 6h 40m","1w 3d 4h 16m","0m","-","-","-","-","-"
"BUG-1334","Bug Cliente","OrçaPrime - Etapas estão como ""Null"" no orçamento","2026-04-28 10:12","Done","45m","2m","10m","13h 24m","1d 8h 0m","2w 5d 19h 23m","26m","-","-","-","-","-"
"BUG-1335","Bug Cliente","69 9235-5483 - Orçamento - Erro 500 ao gerar todos os relatórios em único arquivo dentro do novo modal de relatório.","2026-04-28 15:44","Done","53m","2h 32m","3h 54m","2h 29m","1d 8h 0m","2w 5d 19h 23m","9m","-","-","-","-","-"
"BUG-1336","Bug QA","Orçamento - Erro 500 ao gerar relatório com logo quebrada","2026-04-29 08:50","Done","11m","57m","3h 52m","2h 30m","0m","3w 0d 3h 23m","0m","-","-","-","-","-"
"BUG-1338","Bug QA","OrçaPrime - Erro ao tentar logar no Prime","2026-04-29 09:56","Done","26m","6h 37m","-","0m","4d 0h 46m","2w 3d 2h 37m","0m","-","-","-","-","-"
"BUG-1339","Bug Dev","atualizar o código da main","2026-04-29 10:22","Done","3m","1m","28m","2d 13h 36m","1d 16h 26m","2w 3d 2h 37m","1m","-","-","-","-","-"
"BUG-1341","Bug QA","Erro 500 dentro da API pública do OrçaFascio Prime","2026-04-29 15:17","Done","1m","13m","-","-","4d 3h 14m","2w 3d 2h 37m","0m","-","-","-","-","-"
"BUG-1342","Bug Dev","Problema campo NULL prime","2026-04-29 18:16","Done","0m","0m","-","6h 33m","1d 1h 27m","2w 5d 19h 23m","0m","-","-","-","-","-"
"BUG-1344","Bug Cliente","OrçaPrime - Erro ao tentar alterar descrição de insumo do Prime","2026-04-30 08:40","Done","5h 33m","14h 27m","30m","25m","3d 3h 58m","2w 3d 2h 31m","0m","-","-","-","-","-"
"BUG-1348","Bug Dev","Elementos fantasmas no orçamento","2026-04-30 15:22","Done","-","16h 12m","-","-","10h 26m","2w 5d 19h 23m","0m","-","-","-","-","-"
"BUG-1349","Bug Cliente","#41395 - Orçamento - Ao finalizar orçamento e bloquear edição, usuário não consegue editar níveis de relatório resumo.","2026-04-30 16:31","Done","1d 2h 3m","12h 44m","2h 0m","5d 16h 39m","0m","1w 6d 10h 49m","37m","-","-","-","-","-"
"BUG-1354","Bug Dev","NoMethodError: undefined method `destroy' for nil:NilClass","2026-05-04 10:50","Done","-","15m","4h 0m","53m","8h 0m","2w 5d 19h 23m","1m","-","-","-","-","-"
"BUG-1355","Bug Dev","Problema na autenticação com Azure Id da Microsoft","2026-05-04 15:29","Done","-","7h 15m","-","-","3h 15m","2w 5d 19h 23m","1m","-","-","-","-","-"
"BUG-1356","Bug Cliente","'+55 65 9302-5555 - OrçaFascio Prime - Ao abrir busca de composições, filtro por data é ignorado da busca de composição para todos os bancos ","2026-05-04 15:57","Done","5h 43m","3d 3h 49m","31m","3h 12m","0m","2w 2d 11h 23m","4h 47m","-","-","-","-","-"
"BUG-1359","Bug QA","Base de Preço - Erro 500 ao tentar abrir composição da gestão de base própria","2026-05-05 10:43","Done","7h 48m","4d 20h 47m","1h 28m","0m","18h 16m","1w 6d 9h 7m","0m","-","-","-","-","16h 0m"
"BUG-1361","Bug Cliente","OrçaPrime - Usuários não conseguem utilizar a ferramenta de auditoria do OrçaPrime","2026-05-05 14:29","Done","2h 47m","1h 9m","-","-","2d 15h 52m","2w 3d 2h 22m","44m","-","-","-","-","-"
"BUG-1362","Bug Cliente","#34160 - Orçamento - Quantidades erradas no relatório de Mão de obra, Equipamento e Material","2026-05-05 14:32","Done","4h 7m","5h 41m","54m","0m","2d 8h 41m","2w 3d 2h 42m","32m","-","-","-","-","-"
"BUG-1363","Bug QA","Orçamento - Edição de item após orçamento bloqueado","2026-05-05 14:37","Done","1d 3h 38m","10m","4h 14m","1h 2m","0m","2w 4d 3h 23m","1m","-","-","-","-","11m"
"BUG-1364","Bug QA","OrçaPrime - Erros no OrçaPrime","2026-05-05 15:11","Done","26m","31m","-","-","2d 18h 25m","2w 3d 2h 46m","5m","-","-","-","-","-"
"BUG-1365","Bug Cliente","OrçaPrime - Erros ao tentar realizar ações no OrçaPrime","2026-05-05 15:42","Done","6h 26m","8h 11m","-","0m","2d 1h 20m","2w 3d 2h 46m","2h 57m","-","-","-","-","-"
"BUG-1366","Bug QA","SOFIA - Duplicação de itens ao gerar composição com SOFIA","2026-05-05 15:52","Done","2d 14h 10m","7m","5h 46m","2h 54m","2d 2h 19m","1w 6d 9h 4m","7h 23m","-","-","8h 36m","-","19h 12m"
"BUG-1367","Bug Dev","NoMethodError: undefined method `usuario_id' for nil:NilClass","2026-05-05 15:56","Done","-","16m","-","-","1h 48m","2w 5d 19h 23m","0m","-","-","-","-","-"
"BUG-1368","Bug Dev","Mongoid::Errors::InvalidFind: ","2026-05-05 16:17","Done","-","4m","-","-","1h 35m","2w 5d 19h 23m","3m","-","-","-","-","-"
"BUG-1370","Bug Dev","Mongo::Error::OperationFailure: [28]: Cannot create field '_id' in element {14: null} (on gryfusdb-shard-00-02.lqhjx.mongodb.net:27017, modern retry, attempt 1)","2026-05-05 21:46","Done","-","0m","-","-","0m","2w 5d 19h 23m","0m","-","-","-","-","-"
"BUG-1371","Bug Cliente","#41539 - Relatórios - Ao extrair a Curva ABC de Insumos no novo modal de relatórios, os itens estão tendo as suas quantidades ajustadas sem que a opção seja marcada ","2026-05-06 08:03","Done","3h 51m","59m","1h 46m","25m","16h 0m","2w 4d 3h 23m","17h 0m","-","-","-","-","-"
"BUG-1372","Bug QA","Administrar Empresa - Erro 500 ao cadastrar uma nova conta e ativar o teste","2026-05-06 10:23","Done","2h 37m","53m","2h 7m","44m","4d 16h 0m","1w 6d 8h 47m","0m","-","-","-","-","1d 10h 36m"
"BUG-1373","Bug Cliente","#34223 - Orçamento - Relatório sintético com fórmula não exibe valor com BDI corretamente","2026-05-06 10:25","Done","5m","34m","5h 3m","44m","0m","2w 5d 11h 23m","0m","-","-","0m","-","-"
"BUG-1377","Bug QA","SOFIA - Erro 500 ao acessar histórico de conversa da SOFIA de uma composição apagada","2026-05-06 16:09","Done","2d 23h 34m","2m","4h 6m","0m","0m","1w 3d 5h 34m","10h 27m","5d 17h 30m","-","-","-","-"
"BUG-1379","Bug Cliente","#34332 - Orçamento - Relatório de Curva ABC de Insumos com quantidade de Insumos zerados","2026-05-07 11:26","Done","3h 24m","6h 24m","3h 16m","33m","2h 27m","2w 4d 8h 56m","7h 1m","-","-","-","-","-"
"BUG-1380","Bug QA","Orçamento - Curva ABC de Insumos não baixa com os tipos selecionados no download unitário","2026-05-07 11:32","Done","1h 45m","1h 2m","2h 35m","5m","0m","2w 5d 3h 23m","0m","-","-","-","-","-"
"BUG-1381","Bug QA","Orçamento - Erro ortográfico na opção “Excluir Itens” ao selecionar item no orçamento.","2026-05-07 11:32","Done","1h 45m","1h 14m","54m","1h 34m","0m","2w 5d 3h 23m","0m","-","-","-","-","-"
"BUG-1382","Bug Cliente"," #41693 - Orçamento - Ao adicionar certa composição no orçamento, a mesma não é processada pois não realiza o carregamento","2026-05-07 13:58","Done","11h 42m","1h 27m","2h 23m","1h 16m","0m","2w 4d 3h 23m","4h 2m","-","-","-","-","-"
"BUG-1383","Bug Cliente","#41686 - Orçamento - Ao inserir itens da SICRO3 no orçamento, os grupos de Material e Atividades Auxiliares estão com a descrição do ""Custo Unitário"" incorreto  ","2026-05-07 15:21","Done","5h 25m","4h 20m","45m","1h 8m","4h 16m","2w 4d 7h 7m","7h 2m","-","-","-","-","-"
"BUG-1385","Bug Cliente"," #41712 - Orçamento - Botão de habilitar / desabilitar negrito não funciona na personalização de relatórios","2026-05-07 17:54","Done","58m","3h 45m","2h 54m","21m","10h 31m","2w 4d 8h 53m","5m","-","-","-","-","-"
"BUG-1386","Bug Dev","TROCA DE LINK DE TEMPLATE DO PLUGIN OF ELEITRICO","2026-05-08 08:47","Done","1d 18h 8m","5m","2h 32m","3h 15m","0m","2w 2d 11h 23m","16h 0m","-","-","-","-","-"
"BUG-1387","Bug Cliente","OrçaPrime - Orçamento não realiza carregamento","2026-05-08 14:24","Done","1h 23m","23m","-","-","1d 18h 23m","2w 3d 2h 47m","2m","-","-","-","-","-"
"BUG-1388","Bug Cliente","#41766 - Relatórios - Descrição ""Valor com BDI"" sumindo do relatório de Composições Analíticas com Preço Unitário","2026-05-11 07:57","Done","0m","5d 11h 47m","1h 34m","1h 2m","0m","1w 6d 3h 23m","1h 37m","-","-","-","-","-"
"BUG-1390","Bug Cliente","#34474 - OF Medição -  Valor Total Executado não atualiza ao editar quantidade em Aditivo","2026-05-11 10:24","Done","2d 0h 59m","1d 8h 37m","-","0m","9h 46m","1w 6d 9h 4m","5h 35m","-","-","-","-","1d 0h 33m"
"BUG-1391","Bug Cliente","OrçaPrime - Erro 500 ao entrar em composição própria","2026-05-11 11:45","Done","8h 44m","4m","6h 13m","10h 1m","6h 55m","2w 3d 2h 50m","15m","-","-","-","-","-"
"BUG-1394","Bug Cliente","#41892 - OF Elétrico -  Cliente não conseguia utilizar o OF Elétrico pois aparece a mensagem ""Uma ou mais famílias requeridas não estão presentes no modelo, por favor importe-as através do uso do comando configurações""","2026-05-12 10:32","Done","2d 10h 16m","-","4h 34m","12h 11m","22h 14m","1w 1d 18h 36m","21h 59m","4d 16h 1m","-","-","-","-"
"BUG-1397","Bug Cliente","Orçamento - Item está no local errado na Curva ABC de Insumos","2026-05-13 10:01","Done","7h 57m","2h 0m","4h 9m","1h 18m","31m","2w 3d 2h 52m","7h 19m","-","-","-","-","-"
"BUG-1399","Bug QA","Cadastro - Erro 500 ao ativar teste do sistema","2026-05-13 16:52","Done","1w 4d 22h 12m","3m","2h 53m","0m","4h 56m","5d 14h 27m","0m","-","-","-","-","-"
"BUG-1402","Bug Cliente","#42068 - Relatório - Ao exportar o relatório ""Exportar para TOTVS"", a descrição do item está sendo exportado incorretamente","2026-05-14 16:11","Done","2h 36m","1h 57m","1h 47m","1h 20m","16m","2w 3d 3h 7m","1h 49m","-","-","-","-","-"
"BUG-1403","Bug QA","Orçamento - Input de Grupo de Insumos zerado","2026-05-15 10:10","Done","8h 39m","6h 56m","17m","2h 26m","0m","2w 2d 11h 23m","7m","-","-","-","-","-"
"BUG-1404","Bug QA","Orçamento - Etapa sobrepondo botões no orçamento","2026-05-15 10:16","Done","4h 57m","2h 1m","2h 3m","5h 30m","0m","2w 2d 19h 23m","0m","-","-","-","-","-"
"BUG-1409","Bug Cliente","#34883 - Orçamento - Relatório analítico gera valores com LS, mesmo com o orçamento sem encargos incididos","2026-05-18 10:10","Done","51m","1h 12m","2h 29m","3h 10m","0m","2w 2d 11h 23m","5h 46m","-","-","-","-","-"
"BUG-1410","Bug QA","Orçamento - Compatibilização de bases não altera os itens que estão em composições SICRO","2026-05-18 11:10","Done","1d 3h 1m","59m","36m","10m","1d 18h 20m","1w 6d 9h 3m","0m","-","-","-","-","16h 0m"
"BUG-1413","Bug Dev","Erro ao registrar comportamento de buscas na tela de orçamento","2026-05-19 11:15","Done","0m","0m","2h 18m","41m","2d 10h 20m","1w 6d 9h 3m","0m","-","-","-","-","16h 0m"
"BUG-1416","Bug Cliente","OrçaPrime - Ajustes necessários no OrçaPrime","2026-05-20 10:37","Done","56m","3h 52m","1h 35m","0m","8h 0m","2w 1d 19h 23m","0m","-","-","-","-","-"
"BUG-1417","Bug QA","Orçamento - Item da ORSE não está sendo excluído","2026-05-20 10:58","Done","11h 29m","24m","1h 47m","16m","1d 18h 23m","1w 6d 9h 0m","0m","-","-","-","-","16h 0m"
"BUG-1418","Bug Cliente","#35036 - Orçamento - Relatório Sintético com Valor de Mão de obra, Equipamento e Material gera valores que ultrapassam 2 casas decimais","2026-05-20 11:07","Done","2h 42m","10h 26m","1h 37m","1h 15m","1d 17h 18m","1w 4d 18h 5m","2d 5h 52m","-","-","-","-","-"
"BUG-1419","Bug Cliente","Copia itens EMOP","2026-05-20 11:29","Done","0m","5h 4m","22m","0m","43m","2w 2d 2h 40m","3m","-","-","-","-","-"
"BUG-1420","Bug Cliente","Geração relatório de compoisição EMOP","2026-05-20 11:32","Done","0m","4h 5m","44m","0m","8h 0m","2w 1d 19h 23m","1m","-","-","-","-","-"
"BUG-1421","Bug Cliente"," #42389 - Orçamento - Ao inserir itens da IOPES em orçamentos, as composições auxiliares estão sendo inseridas como insumos","2026-05-20 13:29","Done","8h 4m","31m","3h 50m","3h 36m","2h 34m","1w 6d 8h 49m","2d 4h 30m","-","-","-","-","-"
"BUG-1423","Bug Cliente","#42401 - Banco de Preços - Erro 500 ao abrir composições próprias ","2026-05-20 13:54","Done","3h 0m","9h 23m","3h 17m","4m","1d 10h 28m","1w 6d 8h 55m","4h 5m","-","-","-","-","16h 0m"
"BUG-1425","Bug Backoffice","Administrar Empresa - Alteração de Email da licença está alterando email do administrador","2026-05-20 15:25","Done","26m","2h 8m","-","-","0m","2w 2d 3h 23m","0m","-","-","-","-","-"
"BUG-1426","Bug Cliente","#35137 - Bases e preços - Composições da FDE não estão atualizadas para o mês vigente","2026-05-20 15:57","Done","13h 38m","5h 51m","3h 3m","4d 2h 46m","1d 21h 34m","2d 5h 50m","3h 7m","-","-","-","-","6d 21h 36m"
"BUG-1427","Bug Cliente","Problema de redirecionamento de arquivos orçabim","2026-05-20 17:18","Done","-","13h 1m","3h 38m","2m","1d 10h 28m","1w 6d 8h 55m","0m","-","-","-","-","16h 0m"
"BUG-1428","Bug Cliente","OrçaPrime - Composição da EMOP é exportada com dois "".xlsx"" no nome do arquivo.","2026-05-21 09:41","Done","40m","3m","23m","6h 13m","0m","2w 1d 19h 23m","0m","-","-","-","-","-"
"BUG-1429","Bug QA","Problema de redirecionamento de arquivos OrçaBim no OrçaFascio","2026-05-21 10:23","Done","3h 58m","8h 13m","2h 13m","2m","1d 10h 28m","1w 6d 8h 55m","0m","-","-","-","-","16h 0m"
"BUG-1430","Bug QA","SOFIA - Duplicação de itens ao gerar composição com SOFIA","2026-05-21 11:09","Done","30m","3h 4m","2h 13m","0m","4d 23h 7m","1w 3d 4h 16m","0m","-","-","-","-","16h 0m"
"BUG-1433","Bug Cliente","#42438 - Orçamento - Não é possível emitir o relatório de caderno técnico","2026-05-22 08:03","Done","6h 41m","2h 55m","1h 25m","4h 58m","1d 2h 28m","1w 6d 8h 55m","0m","-","-","-","-","16h 0m"
"BUG-1434","Bug Cliente","#35307 - Orçamento - Relatório sintético é gerado sem informações na coluna Total","2026-05-22 09:53","Done","3m","1d 23h 6m","2h 31m","5h 41m","1d 9h 20m","1w 4d 18h 3m","0m","-","-","7h 2m","-","21m"
"BUG-1438","Bug Cliente","#35379 - Orçamento - Cliente não consegue alterar os coeficientes de seu orçamento.","2026-05-25 09:16","Done","1h 42m","56m","57m","1d 3h 3m","18h 19m","1w 6d 9h 4m","6m","-","-","-","-","-"
"BUG-1439","Bug QA","Orçamento - Curva ABC de Insumos vem zerada quando orçamento está concluído","2026-05-25 11:03","Done","5h 44m","5h 13m","0m","0m","0m","2w 0d 19h 23m","0m","-","-","0m","-","0m"
"BUG-1440","Bug Cliente","#35454 - Planejamento - Composições apresentam valor 1 de Produção de Equipe dentro do planejamento","2026-05-25 17:28","Done","18h 19m","0m","54m","-","4h 14m","1w 6d 9h 7m","19h 20m","-","-","-","-","-"
"BUG-1444","Bug Dev","RuntimeError: Unknown file type: 019_26.Lista de insumos_rev.e_00.xlsm","2026-05-27 09:52","Done","0m","4m","6h 1m","8h 56m","18h 16m","1w 6d 9h 7m","5m","-","-","-","-","-"
"BUG-1446","Bug Cliente","#42667 - OrçaPrime - Ao realizar atualização na página do orçamento, o BDI diferenciado adicionado nos itens são excluídos","2026-05-27 14:00","Done","13h 53m","22m","34m","1h 38m","10h 10m","1w 6d 9h 13m","27m","-","-","-","-","-"
"BUG-1447","Bug QA","Orçamento - Carregamento infinito ao atualizar preço de insumos via excel na lista de insumos","2026-05-27 16:19","Done","12h 16m","3h 11m","47m","1h 25m","10h 4m","1w 6d 9h 19m","1m","-","-","-","-","-"
"BUG-1449","Bug Cliente","#35667 - Orçamento - Valor Total sem LS está maior que Valor Total com LS em relatório de ""Composições Analíticas com preço unitário - Somente Insumos""","2026-05-28 14:08","Em produção","13h 23m","21h 33m","6d 0h 5m","4d 10h 34m","1d 19h 11m","-","14h 29m","-","-","-","-","-"
"BUG-1450","Bug Cliente","#43032  - Cadastro - Erro 500 ao acessar aba de clientes","2026-05-28 15:28","Done","3h 1m","1h 49m","1h 53m","1h 25m","9h 54m","1w 6d 9h 29m","2h 7m","-","-","-","-","-"
"BUG-1451","Bug Cliente","#35725 - OrçaPrime - Busca de composição própria através do código não retorna resultado na base de preco","2026-05-28 17:52","Done","5h 52m","15h 7m","52m","2h 8m","0m","1w 6d 3h 23m","7m","-","-","-","-","-"
"BUG-1452","Bug Cliente","#35741 - OF Medição - Cliente esta com 0/0,1 MB de armazenamento e não consegue inserir fotos no relatorio fotografico","2026-05-29 08:47","Done","11h 14m","0m","38m","2m","3m","1w 6d 13h 33m","1h 52m","-","-","-","-","-"
"BUG-1468","Bug QA","Orçamento - carregamento com animação desajeitada","2026-06-02 14:38","Done","1d 6h 37m","4h 48m","10h 39m","1h 53m","7h 13m","1w 3d 4h 10m","0m","-","-","-","-","18h 50m"
"BUG-1470","Bug Cliente","#43121 - Orçamento - Ao incluir uma composição própria modelo SICRO3 em seu orçamento na versão antiga, o valor fica diferente da base própria ","2026-06-03 08:15","Done","2d 5h 33m","5h 17m","1h 44m","1h 23m","7h 15m","1w 3d 4h 8m","36m","-","-","8m","-","0m"
"BUG-1472","Bug Cliente","#36027 - Orçamento - Ao extrair os relatórios ""Orçamento Analítico"" e ""Composições Analíticas com Preço Unitário"", os itens de transporte de uma composição própria não estão sendo exportados ","2026-06-03 14:26","Done","14h 29m","20h 14m","4h 30m","30m","16h 0m","1w 3d 3h 23m","11h 33m","-","-","-","-","-"
"BUG-1473","Bug Cliente","#36032 - Bases de Preço - Não é possível adicionar insumo da SBC - 04/2018 dentro de composição própria","2026-06-03 15:24","Done","8h 19m","0m","6h 3m","3h 33m","7h 47m","1w 4d 18h 0m","2h 16m","-","-","-","-","-"
"BUG-1475","Bug Cliente","#36044 - Orçamento - Erro ao carregar orçamento","2026-06-03 16:11","Done","10h 55m","16m","2h 3m","5h 5m","7h 49m","1w 4d 17h 59m","1h 6m","-","-","-","-","-"
"BUG-1477","Bug QA","Chat Suporte (Anne) - Retorno para tela inicial não funciona","2026-06-03 17:04","Done","13h 51m","3h 0m","3m","-","2d 0h 4m","1w 3d 3h 19m","1m","-","-","-","-","-"
"BUG-1479","Bug QA","Orcamento - Opcao de ""Exibir composicoes repetidas"" nao esta funcionando","2026-06-04 15:32","Done","3h 36m","4h 43m","3h 57m","6m","1d 16h 0m","1w 3d 3h 23m","3m","-","-","2h 49m","-","2h 3m"
"BUG-1480","Bug Cliente","#36077- Cadastro- Cliente não consegue abrir o link do e-mail de usuário importado","2026-06-05 09:47","Done","22h 58m","2h 37m","4h 54m","6m","1d 0h 3m","1w 3d 3h 20m","14m","-","-","-","-","-"
"BUG-1481","Bug QA","Chat Suporte (Anne) - Chat novo com a Anne esta aparecendo na tela de login do sistema","2026-06-05 15:05","Done","16m","-","-","-","2d 0h 5m","1w 3d 3h 18m","0m","-","-","-","-","-"
"BUG-1484","Bug QA","Bases de preço - Importação de planilha de composições próprias permite recursividade entre composições próprias","2026-06-08 10:34","Em produção","1w 3d 10h 26m","0m","2h 41m","0m","1d 11h 23m","-","0m","-","-","-","-","-"
"BUG-1486","Bug QA","Ajustes da nova tela de Composições e Insumos do Prime","2026-06-08 16:55","Done","4h 4m","4h 45m","44m","8h 46m","39m","1w 3d 2h 44m","1m","-","-","-","-","-"
"BUG-1487","Bug Cliente","#36172 - Orçamento - Erro visual na alternância de opções de encargos sociais ao salvar orçamento","2026-06-08 17:18","Done","1d 11h 58m","12m","46m","1h 50m","10m","1w 3d 3h 13m","1h 55m","-","-","-","-","-"
"BUG-1488","Bug Cliente","#36184 - Base de Preços - Preço de certa composição da Seinfra está com valor divergente da base oficial","2026-06-08 17:52","Done","1d 11h 37m","1h 20m","1h 36m","1h 1m","23m","1w 3d 3h 0m","22m","-","-","-","-","-"
"BUG-1490","Bug Cliente","#43529 - Orçamento - Erro 500 ao tentar entrar em um orçamento","2026-06-09 12:05","Done","17m","0m","1m","1d 16h 39m","1h 9m","1w 2d 16h 48m","5h 28m","-","-","-","-","-"
"BUG-1492","Bug Cliente","#43605 - Relatórios - Ao extrair o relatório Sintético Com Valor do Material e da Mão de Obra, os valores de alguns itens estão incorretos","2026-06-10 08:08","Done","15h 43m","1d 10h 19m","2h 58m","2h 43m","0m","1w 2d 3h 23m","17m","-","-","-","-","-"
"BUG-1494","Bug QA","Orçamento - Divergência de valores em relatório ""Sintético com Valor de Mão de Obra, Equipamento e Material""","2026-06-10 10:08","Done","14h 51m","0m","1h 23m","1h 54m","8h 12m","1w 3d 3h 11m","0m","-","-","-","-","-"
"BUG-1495","Bug QA","Diário de Obras - Erro ao adicionar observação em diário de obra","2026-06-10 10:54","Done","2h 46m","0m","3h 21m","38m","17h 51m","1w 3d 3h 4m","3m","-","-","-","-","5h 45m"
"BUG-1496","Bug Cliente","#36312 - Orçamento - Erro 500 ao gerar relatórios","2026-06-10 11:24","Done","2h 55m","1d 21h 23m","3h 22m","12h 15m","0m","1w 1d 9h 12m","5h 24m","-","-","-","-","-"
"BUG-1499","Bug Cliente","#36372 - Diário de Obras - Não é possível editar diário de obras","2026-06-11 09:43","Done","2h 43m","1m","1h 50m","16m","18h 49m","1w 3d 2h 48m","13m","-","-","-","-","-"
"BUG-1500","Bug Cliente","#36406 - Orçamento - Ao inserir certo código na criação de item dentro do orçamento, o sistema modifica o código inserido ","2026-06-11 14:46","Done","2h 45m","1h 55m","3h 43m","2h 17m","14m","1w 3d 3h 9m","28m","-","-","-","-","2h 46m"
"BUG-1503","Bug Cliente","#36468 - Bases e preços - Insumos próprios dentro de composição própria são importados sem considerar preço onerado","2026-06-12 10:01","Done","2d 0h 54m","7h 42m","2h 22m","1m","1d 12h 36m","5d 14h 47m","1d 0h 55m","-","-","-","-","-"
"BUG-1505","Bug Cliente","#36490 - OF manager - Botão ""Continuar"" não funciona na tela de cadastro","2026-06-12 14:25","Done","5d 4h 59m","0m","6h 3m","20h 19m","0m","4d 1h 0m","6h 36m","-","-","-","-","-"
"BUG-1507","Bug Cliente","#36548 - OF medição - Erro ao gerar relatório de medição","2026-06-15 11:06","Done","18h 52m","0m","1h 30m","0m","0m","1w 2d 7h 1m","4h 53m","-","-","-","-","-"
"BUG-1512","Bug Cliente","#43891 - Bases de preço - Erro 500 ao acessar a gestão de base própria","2026-06-16 15:10","Done","6h 19m","0m","3m","0m","0m","1w 2d 12h 39m","3h 11m","-","-","-","-","-"
"BUG-1513","Bug QA","Bases de preço - Cópia de composição da IOPES adota modelo civil","2026-06-16 15:39","Done","2d 2h 51m","17h 3m","3h 48m","30m","1d 5h 13m","5d 14h 10m","0m","-","-","-","-","-"
"BUG-1514","Bug QA","Bases de preço - Erro ao exportar cópia de composições da AGETOP RODOVIÁRIA e DERPR","2026-06-16 15:54","Done","2h 44m","2h 8m","3h 24m","3h 53m","8h 31m","1w 1d 18h 52m","0m","-","-","26m","-","0m"
"BUG-1517","Bug Cliente","#36722 - OF Medição - Edição de coeficiente de item não é salvo na coluna ""Orçado"" ao atualizar a página ","2026-06-17 14:14","Done","4d 10h 15m","0m","6h 3m","20h 23m","0m","4d 0h 56m","1h 31m","-","-","-","-","-"
"BUG-1518","Bug Dev","NoMethodError: undefined method 'admin_chat_agent' for an instance of Internal::Orcafascio::Usuario (NoMethodError)","2026-06-17 16:51","Done","-","49m","-","-","17h 57m","1w 1d 17h 45m","0m","-","-","-","-","-"
"BUG-1519","Bug Cliente","Orçamento com Null retirou etapas","2026-06-17 17:03","Done","3h 23m","33m","4h 38m","1w 0d 16h 27m","1m","1d 11h 17m","0m","-","-","-","-","-"
"BUG-1521","Bug QA","Webinar - Módulos do Webinars está indicando SOFIA ao invés de OF-IA","2026-06-18 09:53","Done","1d 15h 30m","5h 44m","37m","1h 15m","1h 36m","1w 0d 9h 47m","1m","-","-","-","-","-"
"BUG-1522","Bug QA","Gestão de Base Própria - Filtro de base não funciona na lista de composições","2026-06-18 09:58","Done","7h 8m","1d 4h 40m","2h 40m","21m","13m","1w 0d 19h 10m","0m","-","-","-","-","-"
"BUG-1523","Bug Cliente","#44107 - OrçaPrime - Valor total do relatório Cronograma Físico Financeiro não apresenta o mesmo valor do total do orçamento","2026-06-18 10:28","Done","1d 22h 43m","15h 3m","7h 16m","44m","5h 14m","5d 14h 9m","16h 45m","-","-","-","-","-"
"BUG-1524","Bug Cliente","#36816 - Orçamento - Erro 500 ao gerar relatório","2026-06-18 12:06","Done","2h 24m","0m","3h 22m","2h 4m","33m","1w 1d 18h 50m","2h 36m","-","-","-","-","-"
"BUG-1527","Bug Cliente","OrçaPrime - Orçamento - ""Null"" não salva movimentação de etapas ","2026-06-18 17:45","Done","2h 4m","5m","4h 20m","1w 0d 9h 51m","0m","1d 11h 17m","0m","-","-","-","-","-"
"BUG-1528","Bug Cliente","#36883 - Medição - Erro ao criar medição","2026-06-19 11:44","Done","5h 47m","3h 6m","24m","0m","0m","1w 1d 13h 28m","1h 53m","-","-","-","-","-"
"BUG-1530","Bug Cliente","#36889 - Planejamento - Ao tentar Criar Planejamento, o sistema informa: ""Atenção! Planejamento não encontrado""","2026-06-19 14:51","Done","4h 58m","3h 5m","27m","0m","0m","1w 1d 13h 26m","35m","-","-","-","-","-"
"BUG-1531","Bug Cliente","#44196 - Orçamento -  Falha na função de tentar Recuperar itens Excluídos do Orçamento ","2026-06-19 15:14","Done","7h 42m","0m","57m","0m","0m","1w 1d 13h 21m","9m","-","-","-","-","-"
"BUG-1533","Bug QA","Orçamento - BDI Diferenciado adicionado em composições não filtradas","2026-06-22 10:36","Done","6h 34m","1d 0h 34m","2h 19m","3h 13m","1d 13h 30m","5d 13h 53m","0m","-","-","-","-","-"
"BUG-1534","Bug Cliente","#36947 - Diário de Obras - Cliente não consegue acessar o aplicativo do Diário de Obras","2026-06-22 10:46","Done","58m","7h 43m","2h 0m","0m","0m","1w 1d 5h 40m","15m","-","-","-","-","-"
"BUG-1538","Bug Cliente","#37074- Orçamento- Erro no valor do Peso e Valor Geral do Relatório de Curva ABC De Insumos- ","2026-06-22 17:05","Done","1m","1h 56m","2h 42m","0m","10h 29m","1w 0d 19h 11m","1h 46m","-","-","-","-","-"
"BUG-1539","Bug Cliente","#44272 - Bases de preço - Erro ao criar composição","2026-06-22 17:15","Done","15h 23m","2h 29m","1h 5m","47m","0m","1w 0d 11h 23m","1h 53m","-","-","-","-","-"
"BUG-1542","Bug Cliente","#37299 - OF medição - Cliente tem 0/0MB de armazenamento e não consegue inserir foto no relatório fotográfico","2026-06-24 11:51","Done","23h 2m","0m","33m","2d 18h 53m","0m","4d 0h 56m","5h 8m","-","-","-","-","-"
"BUG-1546","Bug Backoffice","Erro ao gerar notas","2026-06-25 10:34","Done","5m","0m","1h 18m","48m","6d 0h 9m","1d 11h 14m","3h 34m","-","-","-","-","-"
"BUG-1549","Bug Cliente","#44726 - Orçamento - Informações de utilização produtiva e improdutiva não seguem o arredondamento do orçamento","2026-06-26 08:08","Em produção","1d 4h 24m","23h 9m","8h 57m","30m","4d 3h 23m","-","18h 25m","-","-","0m","-","0m"
"BUG-1551","Bug QA","Bases de Preço - Códigos das composições da SCO não são editados ao mudar encargo do orçamento","2026-06-26 10:46","Done","29m","2h 57m","4h 16m","3m","1d 5h 33m","5d 13h 50m","3h 17m","-","-","-","-","-"
"BUG-1554","Bug Cliente","#37506 - Diário de obras - Não é possível adicionar observação ao relatório após aprovação do fiscal ","2026-06-26 14:41","Done","9h 13m","1d 9h 57m","1h 43m","1d 7h 38m","0m","4d 1h 4m","1h 7m","-","-","-","-","-"
"BUG-1555","Bug QA","Orçamento - Real Time com OrçaBim não está funcionado","2026-06-26 16:20","Done","14h 31m","1m","1h 0m","0m","5d 0h 9m","1d 11h 14m","2h 7m","-","-","-","-","-"
"BUG-1559","Bug Cliente","#37567 - Orçamento - Erro 500 ao baixar relatórios","2026-06-29 11:41","Done","12h 25m","1h 36m","4h 15m","1h 40m","5h 31m","5d 13h 52m","5h 55m","-","-","-","-","-"
"BUG-1563","Bug Cliente","#44909 - Bases e Preço - Divergência de preço em insumos da SICRO dentro de composição própria modelo rodoviário","2026-06-30 11:50","Done","1d 17h 21m","48m","3h 37m","1h 42m","15h 3m","3d 20h 20m","5h 34m","-","-","-","-","-"
"BUG-1564","Bug Cliente","#37698 - OrçaPrime - Ao gerar relatório sintético do orçamento, o valor final não está de acordo com o preço no sistema","2026-07-01 10:25","Done","2h 58m","4h 26m","21m","4d 0h 42m","0m","1d 11h 17m","14h 14m","-","-","-","-","-"
"BUG-1565","Bug QA","Orçamento - Botão de criar orçamento aceita várias requisições","2026-07-01 11:27","Done","13h 33m","38m","15m","0m","0m","5d 18h 30m","0m","-","-","-","-","-"
"BUG-1566","Bug QA","Home - Redirecionar usuários para home nova","2026-07-01 16:51","Done","9h 7m","0m","1h 52m","6h 8m","1d 10h 41m","4d 0h 42m","1m","-","-","-","-","-"
"BUG-1567","Bug Cliente","#37785- Orçamento- Cliente não consegue gerar relatório de Curva ABC de Insumos","2026-07-02 09:11","Done","30m","1m","8h 58m","1d 7h 29m","9h 2m","4d 0h 48m","22m","-","-","-","-","-"
"BUG-1570","Bug Cliente","Administrar Empresa - Botão para acessar o OF Medição está indisponível para usuários que compraram a licença","2026-07-02 16:59","Done","8h 0m","15h 3m","13m","0m","0m","4d 4h 6m","17h 0m","-","-","-","-","-"
"BUG-1571","Bug QA","OF Medição - Armazenamento zerado","2026-07-02 17:16","Done","7h 47m","0m","18m","0m","0m","5d 12h 1m","0m","-","-","-","-","-"
"BUG-1572","Bug QA","Diário de Obras - Botões de pesquisar e adicionar não funcionam no IOS ","2026-07-03 09:35","Em produção","12h 25m","2d 18h 58m","1d 8h 0m","21h 43m","5h 40m","-","1m","-","-","-","-","-"
"BUG-1573","Bug QA","Orçamento - Banco está como undefined na listagem de composições","2026-07-03 10:21","Done","15m","41m","2h 39m","2h 54m","15h 26m","4d 19h 57m","0m","-","-","-","-","-"
"BUG-1574","Bug QA","Orçamento - Composições Auxiliares aparecendo posteriormente da principal no relatório da TOTVS","2026-07-03 10:47","Done","1d 7h 13m","58m","5h 7m","38m","2d 16h 8m","1d 11h 15m","2m","-","-","-","-","-"
"BUG-1575","Bug Cliente","#37903- OF Medição - Não é possível adicionar imagens no relatório fotográfico por falta de armazenamento","2026-07-03 16:01","Done","49m","0m","19m","0m","0m","5d 12h 2m","11m","-","-","-","-","-"
"BUG-1578","Bug Cliente","#37945 - Medição - Usuário não consegue gerar medição de seu orçamento		","2026-07-06 11:11","Done","3h 51m","12h 30m","7m","0m","0m","4d 14h 20m","1h 22m","-","-","-","-","-"
"BUG-1579","Bug Cliente","#37948 - Diário de obras - Não é possível gerar relatório de um diário de obras","2026-07-06 11:22","Done","3h 33m","12h 30m","6m","0m","0m","4d 14h 23m","1h 29m","-","-","-","-","-"
"BUG-1580","Bug Cliente","#37946 - Medição - Ao gerar o relatório fotográfico da medição, o mesmo não é carregado","2026-07-06 12:05","Done","3h 14m","12h 29m","2m","1m","0m","4d 14h 25m","1h 11m","-","-","-","-","-"
"BUG-1582","Bug Cliente","#37968 - Planejamento - Relatório ""Cronograma físico financeiro em XSLX"" exibe valor negativo","2026-07-06 14:53","Done","10h 30m","15h 6m","25m","29m","2h 34m","4d 0h 49m","37m","-","-","-","-","-"
"BUG-1586","Bug QA","OF medição - Empreiteiro não consegue aceitar convite para se juntar a obra enviado por email","2026-07-07 11:36","Done","5h 23m","0m","4h 51m","13h 32m","0m","4d 0h 59m","0m","-","-","-","-","-"
"BUG-1587","Bug QA","OF medição - Não é possível criar medição","2026-07-07 11:41","Done","5h 19m","4m","38m","-","17h 50m","4d 0h 51m","0m","-","-","-","-","-"
"BUG-1589","Bug QA","Cadastro/Administrar Empresa - Mensagens não estão aparecendo na tela de login da OrçaFascio","2026-07-08 09:36","Done","3h 56m","1h 33m","1h 10m","44m","10h 32m","4d 0h 52m","0m","-","-","-","-","-"
"BUG-1591","Bug QA","Orçamento - Bases fora do padrão de cores na versão antiga","2026-07-08 10:10","Done","5h 31m","5h 16m","1h 38m","1h 57m","2h 31m","4d 0h 52m","0m","-","-","-","-","-"
"BUG-1592","Bug QA","OF Medição - Não está sendo possível acessar o OF Medição","2026-07-08 10:24","Done","1h 35m","0m","1h 9m","0m","0m","4d 15h 15m","0m","-","-","-","-","-"
"BUG-1593","Bug Cliente","#45497- OF Medição- Ao Criar Nova Medição Aparece aviso de ""Errors. Validation_is_not_valid""","2026-07-09 08:03","Done","6h 36m","0m","2h 12m","0m","0m","4d 1h 11m","1h 24m","-","-","-","-","-"
"BUG-1597","Bug QA","OF medição - Medição adota mesmo nome da obra na importação de medição","2026-07-09 09:51","Done","7h 8m","0m","2h 2m","21m","0m","4d 1h 0m","0m","-","-","-","-","-"
"BUG-1600","Bug Cliente"," #38256- Orçamento- Ao tentar inserir composições próprias no Orçamento aparece a mensagem ""NULL""","2026-07-09 14:49","Done","11h 40m","0m","3h 22m","2h 49m","7h 51m","3d 2h 5m","2h 46m","-","-","-","-","-"
"BUG-1601","Bug Cliente","#38287 - Diário de Obras - Não é possível gerar relatório de diário","2026-07-09 17:23","Done","11h 55m","0m","2h 49m","0m","0m","3d 12h 59m","16m","-","-","-","-","-"
"BUG-1602","Bug Cliente","#38299 - OF Medição - Ao gerar relatórios de certa medição, o sistema extrai a planilha de outra medição","2026-07-10 09:12","Done","1h 42m","13h 0m","7h 2m","0m","0m","3d 2h 55m","1h 5m","-","-","-","-","1h 26m"
"BUG-1604","Bug QA","Orçamento - Erro 500 para gerar relatório com tipo de insumo errado","2026-07-10 11:41","Em produção","3m","17m","3h 57m","1h 1m","3d 19h 23m","-","0m","-","-","-","-","-"
"BUG-1605","Bug Cliente","#38331 - Bases de preço - Erro 500 ao copiar composição da IOPES","2026-07-10 15:42","Done","1h 3m","0m","38m","0m","0m","3d 18h 45m","1h 15m","-","-","-","-","-"
"BUG-1610","Bug Cliente","OrçaPrime - Usuário não consegue fazer cópia de orçamento por conta do null no orçamento","2026-07-13 14:27","Done","1h 15m","1h 10m","45m","1h 44m","1d 14h 50m","1d 19h 8m","3m","-","-","-","-","-"
"BUG-1611","Bug Cliente","OF Medição - Erro ao tentar excluir empreiteiro","2026-07-13 14:55","Done","10h 28m","0m","31m","0m","0m","3d 2h 52m","37m","-","-","-","-","-"
"BUG-1615","Bug Cliente","#38439 - OrçaPrime - Ao realizar atualização na página do orçamento, o BDI diferenciado adicionado nos itens são excluídos","2026-07-14 09:28","Done","3h 58m","21m","2h 7m","14m","21h 47m","2d 5h 36m","16m","-","-","-","-","36m"
"BUG-1616","Bug Cliente","#45738 - OF Manager - Link de confirmação de convite não é encaminhado para usuários externos","2026-07-14 11:50","Done","47m","13m","6m","0m","0m","3d 3h 17m","4h 10m","-","-","-","-","-"
"BUG-1617","Bug Cliente","#38505 - OF Medição - Ao gerar Relatório Fotográfico, as imagens não estão sendo readequadas ao tamanho do Relatório","2026-07-14 15:54","Done","1d 9h 49m","13m","3h 36m","0m","0m","1d 5h 20m","4h 15m","-","-","-","-","-"
"BUG-1618","Bug QA","Orçamento - É possível substiuir composição em orçamento bloqueado através de tag","2026-07-14 15:58","Done","10h 1m","2h 27m","8h 51m","16h 44m","16h 18m","18h 35m","0m","4h 17m","-","-","-","-"
"BUG-1619","Bug Cliente","#38516 - Base de Preços - Erro 500 ao acessar composição ","2026-07-14 16:13","Done","9h 25m","7m","5h 14m","2h 46m","5h 39m","2d 5h 44m","14m","-","-","-","-","-"
"BUG-1623","Bug QA","OF Medição - Cálculo aparecendo no quantitativo","2026-07-15 11:13","Done","3h 17m","1d 2h 30m","2h 27m","0m","0m","1d 6h 28m","0m","-","-","-","-","-"
"BUG-1625","Bug Backoffice","Tratamento de erro no dashboard do orquestrador","2026-07-15 15:13","Done","-","-","36m","0m","1d 0h 14m","1d 19h 44m","1h 36m","-","-","-","-","-"
"BUG-1626","Bug Cliente","#38594 - OF Medição - Ao preencher o valor executado da medição, os percentuais não estão de acordo com o preço","2026-07-15 16:35","Done","1d 4h 31m","10h 2m","38m","0m","0m","1d 4h 12m","1h 25m","-","-","-","-","-"
"BUG-1627","Bug Cliente","#38596 - OF Medição - Não é possível apagar mais de um item dentro de um projeto","2026-07-15 16:51","Done","1d 4h 29m","0m","2h 9m","0m","0m","1d 6h 47m","1h 8m","-","-","-","-","-"
"BUG-1630","Bug QA","Orçamento - Modal de Análise Geral exibe cor de alerta para inconsistências com quantidade zero","2026-07-16 15:42","Aprovado QA","6h 53m","17m","1h 16m","2d 3h 40m","1h 35m","-","0m","-","-","-","-","-"
"BUG-1632","Bug Dev","Correção dos tipos de dados do payload dos eventos no orquestrador.","2026-07-16 16:02","Done","1m","1m","1h 4m","8h 8m","7h 44m","1d 19h 9m","1h 13m","-","-","-","-","-"
"BUG-1633","Bug Cliente","#38834 - Planejamento - Planejamento não é criado pois não é carregado","2026-07-17 14:46","Done","10h 49m","0m","1h 45m","0m","0m","1d 6h 49m","11h 13m","-","-","-","-","-"
"BUG-1635","Bug Cliente","#38911 - Planejamento - Não é possível acessar planejamento","2026-07-20 08:20","Done","10h 50m","0m","1h 37m","0m","0m","1d 6h 56m","7h 40m","-","-","-","-","-"
"BUG-1640","Bug Cliente","#39091 - OF Medição - Não é possível acessar OF medição pois nenhum perfil é encontrado","2026-07-21 10:08","Done","1h 52m","26m","2h 4m","0m","0m","1d 7h 0m","6h 51m","-","-","-","-","-"
"BUG-1642","Bug Cliente","#39225 - Orçamento - Não é possível acessar orçamento","2026-07-21 15:27","Em produção","3h 56m","1d 2h 40m","1h 23m","39m","3h 23m","-","9m","-","-","-","-","-"
"BUG-1644","Bug QA","Tirar o botão de entrar como teste do ar","2026-07-22 08:49","Done","1h 1m","5m","1h 2m","5h 40m","8h 45m","18h 38m","0m","-","-","-","-","-"
"BUG-1646","Bug Cliente","#45993 - OF Medição - Cliente não consegue acessar a aba de relatórios no OF Medição","2026-07-22 09:40","Done","1h 46m","0m","46m","0m","0m","19h 23m","12h 18m","-","-","-","-","29m"
"BUG-1647","Bug Cliente","#39301- Orçamento- Cliente relatou dificuldade ao alterar valor de Insumos ","2026-07-22 10:38","Em produção","1h 5m","24m","1h 24m","36m","3h 23m","-","23h 16m","-","-","-","-","-"
"BUG-1653","Bug Backoffice","Correção nos tipos de dados o payload enviado para rd.","2026-07-23 10:06","Em produção","0m","4m","31m","0m","3h 23m","-","22h 19m","-","-","-","-","-"
"BUG-1656","Bug Cliente","#39424- OF Medição- Cliente não consegue realizar importação de Projetos pelo Orçafascio ","2026-07-24 10:05","Done","20m","2h 57m","24m","0m","0m","6h 59m","7h 38m","-","-","-","-","-"
"BUG-1658","Bug Cliente","OF CDE - Não é possível acessar o OF CDE","2026-07-24 11:46","Done","47m","50m","8m","0m","0m","13h 22m","1h 30m","-","-","-","-","-"
"BUG-1660","Bug QA","OF medição - Não é possível importar medição da OrçaFascio","2026-07-27 09:15","Done","1h 54m","0m","1h 15m","0m","0m","6h 59m","0m","-","-","-","-","-"